target_path	layer	series	document_kind	canonical_text_sha256	historical/current	source_reference
manifests/SOURCE_EQUIVALENCE_MANIFEST.tsv	global	pass3.5	generated_index	eae45d3f388680760d98fa27acb35f22f7343ddd2ac1f3852b74a9e303340d1c	current	generated:pass3.5
manifests/SOURCE_REPOSITORIES.md	global	pass3.5	generated_index	fa1d36cf0d4c8134b34ad7565e162671536f6c3b06a4ffc8228176a7eb44aac8	current	generated:pass3.5
NOTATION.md	shared	navigation	notation	b2cb74bafc75593f3621bfbb880431077f204ea7cca48c97f63fd647c8f1489a	current	critical:NOTATION.md
README.md	global	pass3.5	generated_index	d42de2e24469f475ce11213504e0682ad97063de5dc5696c10737f4806c02042	current	generated:pass3.5
reports/critical/C2_NEGATIVE_FINAL_SPRINT_REPORT.md	critical	C2	stage_report	5331cc082c6a60c5b851424e8dbc1739535c5d0c6f07879cf26187073a5f8bcf	current	critical:C2_NEGATIVE_FINAL_SPRINT_REPORT.md
reports/global/CORPUS_STATUS.md	global	pass3.5	generated_index	453529af5e99ca9debf1f4082bdeea8add9829f47c270e20f2ba597830d429b8	current	generated:pass3.5
reports/global/proved_results_index_v3.md	global	global	theorem_report	e2fa484d558e61808118475b6d2572369f066aa96f75c2983df3144c0251161e	current	critical:reports/proved_results_index_v3.md
reports/global/proved_results_report_v3.md	global	global	theorem_report	d37c0d1cc0bff23d43ee5301a04046745ce5e0ee2fb671791868ddcdee5388a6	current	critical:reports/proved_results_report_v3.md
reports/global/PROVENANCE_OVERVIEW.md	global	pass3.5	generated_index	bd5d325b8f16314075196830039b72d9e8158e17747154d9f83906564d9c04a3	current	generated:pass3.5
reports/strict/current_research_status_v3.md	strict	foundation	theorem_status_index	20099705089442b7cee87e2340ed23fe86d0046f7cca1b53aa94b57fb8e41528	current	strict:00-foundation/current_research_status_v3.md
reports/strict/proved_results_index_v2.md	strict	foundation	theorem_status_index	a103aa10d65ce6ef326f770f477a59317a7f772f9fc4752c795dea0dd1c66f4f	current	strict:00-foundation/proved_results_index_v2.md
reports/strict/proved_results_report_v2.md	strict	foundation	theorem_status_index	68dbd892a59f28c7a86d2d561f3595f8d52d14672ce20359095a9b7689c16929	current	strict:00-foundation/proved_results_report_v2.md
reports/strict/state/strict_layer_A1_exact_word_state_after_double_euclidean_campaign.md	strict	other	theorem_status_index	7d9f2a8e35b2615ca83be7cc2acbd31d4f90586b7dd759736f9262ce69401c7c	current	strict:50-state-and-computation/strict_layer_A1_exact_word_state_after_double_euclidean_campaign.md
reports/strict/state/strict_layer_A1_SRCU_state_after_campaign.md	strict	other	theorem_status_index	3443b40f4efc15322e221027a34be8103563885d8790830077c1bf1ac46adc0b	current	strict:50-state-and-computation/strict_layer_A1_SRCU_state_after_campaign.md
reports/strict/state/strict_layer_A1_unified_state_after_long_campaign.md	strict	other	theorem_status_index	94cb7334b1625fc8634a388c83e361cd08e10027cb57d6ec256082712f15bbcb	current	strict:50-state-and-computation/strict_layer_A1_unified_state_after_long_campaign.md
research/critical/archive/foundations/critical_even_edge_2adic_campaign.md	critical	foundation	foundation_campaign	9064f5b9888682171915a724721d1f2b46c9870c45e32077443b2436151dda46	current	critical:docs/foundations/critical_even_edge_2adic_campaign.md
research/critical/archive/foundations/finite_cell_transfer_campaign.md	critical	foundation	foundation_campaign	3b454adea9f128eeee3cc83d944de87b3e930dc2b0a8077f6949e663684c1c70	current	critical:docs/foundations/finite_cell_transfer_campaign.md
research/critical/archive/foundations/gaussian_concat_coupling_campaign.md	critical	foundation	foundation_campaign	c89f2517d5e3c76194f9ba0ca6d1aacc39f4e6d9f360dc7d437aa378c93149c2	current	critical:docs/foundations/gaussian_concat_coupling_campaign.md
research/critical/archive/foundations/kernel_free_branch_campaign.md	critical	foundation	foundation_campaign	7862d6fd941ffd9bec04cc62a3cd40a4eab4529a45f3e2f2a1061dfb6d62c5ff	current	critical:docs/foundations/kernel_free_branch_campaign.md
research/critical/frontiers/c2_negative_frontier_20260811.md	critical	frontiers	frontier	a4c10f1adbc7965c7998e6d5e0345983593b14fe2a6db2e08c413c831779fa26	current	critical:docs/frontiers/c2_negative_frontier_20260811.md
research/critical/frontiers/critical_G_A2_high_phi_Fprimary_minus_P0_frontier_research_20260813.md	critical	frontiers	frontier	3ae97ff674384387f5b9a9e4756eefafdd568ecb057553afa57aa8fd1a7186f8	current	critical:docs/frontiers/critical_G_A2_high_phi_Fprimary_minus_P0_frontier_research_20260813.md
research/critical/G/critical_G_A1_unit_determinant_campaign.md	critical	G	proof_campaign	a1dccbb3812f7f678a72370d3471c4459d6c57dd3ed44ca0a64161678d2f0fd0	current	critical:docs/G/critical_G_A1_unit_determinant_campaign.md
research/critical/G/critical_G_A1_unit_determinant_resolution.md	critical	G	proof_campaign	f3572f6426a24f9b923e4acae69eec3e5a229e1e65bebec013660f87fbc06600	current	critical:docs/G/critical_G_A1_unit_determinant_resolution.md
research/critical/G/critical_G_A2_exceptional_binary_resolution.md	critical	G	proof_campaign	4c1b686ea0660311d575de88089e5f078fc78f219c25e9a40a5e1a3239906c25	current	critical:docs/G/critical_G_A2_exceptional_binary_resolution.md
research/critical/G/critical_G_A2_high_phi_Fplus_resolution.md	critical	G	proof_campaign	a5df32430964008834843f6a9252ec5ac0ff0677214a3c0634a78219b0d4fed2	current	critical:docs/G/critical_G_A2_high_phi_Fplus_resolution.md
research/critical/G/critical_G_A2_high_phi_Fprimary_minus_binary_master_campaign.md	critical	G	proof_campaign	45f86ffece2b3c178cde98e00bc9da7fcf38885b2d1099d9e50c481cdb2ad54b	current	critical:docs/G/critical_G_A2_high_phi_Fprimary_minus_binary_master_campaign.md
research/critical/G/critical_G_A2_high_phi_Fprimary_minus_campaign.md	critical	G	proof_campaign	2c61e0c356257158eefdfad608a555ed9abc692a8f296d45b251b76893c08c16	current	critical:docs/G/critical_G_A2_high_phi_Fprimary_minus_campaign.md
research/critical/G/critical_G_A2_high_phi_Fprimary_minus_dual_corridor_campaign.md	critical	G	proof_campaign	c8cbd68a0e2dd76ff0171868dbc9b9ac19567c4bbe91f3e3afc9f94863415dc7	current	critical:docs/G/critical_G_A2_high_phi_Fprimary_minus_dual_corridor_campaign.md
research/critical/G/critical_G_A2_high_phi_Fprimary_minus_positive_j0_campaign.md	critical	G	proof_campaign	11f97bca3cf9a46c173da73edc404c99d05752d0b61ecaff6a7be4858db8667d	current	critical:docs/G/critical_G_A2_high_phi_Fprimary_minus_positive_j0_campaign.md
research/critical/G/critical_G_A2_high_phi_Fprimary_minus_positive_j1_campaign.md	critical	G	proof_campaign	4841a04117e3c201e8ccf6731c3d5574f8c700822d50f90e3eb595783c329a17	current	critical:docs/G/critical_G_A2_high_phi_Fprimary_minus_positive_j1_campaign.md
research/critical/G/critical_G_A2_high_phi_Fprimary_minus_zero_quotient_campaign.md	critical	G	proof_campaign	986e197ac08386c288478c30b5e3a12e177c0cde4fbf1258cc9b50d1d445d5c7	current	critical:docs/G/critical_G_A2_high_phi_Fprimary_minus_zero_quotient_campaign.md
research/critical/G/critical_G_A2_high_phi_single_lift_campaign.md	critical	G	proof_campaign	c53658e9a02c2424357b1728b4726fd541e015c7c461fd173cc45ec9ce3c8aa0	current	critical:docs/G/critical_G_A2_high_phi_single_lift_campaign.md
research/critical/G/critical_G_A2_low_phi_deep_lift_campaign.md	critical	G	proof_campaign	a0927ee8e2fd6963d29c730aa4584fc88514d1a58ae88b32648dad83fa532d46	current	critical:docs/G/critical_G_A2_low_phi_deep_lift_campaign.md
research/critical/G/critical_G_A2_low_phi_first_deep_negative_campaign.md	critical	G	proof_campaign	af0524c714a26613ba7e5bc6c44f268e03b319adcad02132af9cddeec788da2b	current	critical:docs/G/critical_G_A2_low_phi_first_deep_negative_campaign.md
research/critical/G/critical_G_A2_low_phi_first_deep_positive_campaign.md	critical	G	proof_campaign	573acd36d02fd3a2036d7154a68cb3de38ee6b1d2689f57e3746ba5cbc5bd406	current	critical:docs/G/critical_G_A2_low_phi_first_deep_positive_campaign.md
research/critical/G/critical_G_A2_low_phi_full_multiblock_campaign.md	critical	G	proof_campaign	0bafb0c1c7d9e807a0f6d468f90501e247e9831c63d7eb3b705804dd4fc7a4e8	current	critical:docs/G/critical_G_A2_low_phi_full_multiblock_campaign.md
research/critical/G/critical_G_A2_low_phi_shallow_negative_campaign.md	critical	G	proof_campaign	1c919cdd4348d21b29cf4ebd6849060e83921a65c4a41583a7857f26eed80161	current	critical:docs/G/critical_G_A2_low_phi_shallow_negative_campaign.md
research/critical/G/critical_G_A2_low_phi_shallow_positive_campaign.md	critical	G	proof_campaign	711f361431eb47dc0aea60a06bf31bcbc76919d20586b32bd9f8792360d1d530	current	critical:docs/G/critical_G_A2_low_phi_shallow_positive_campaign.md
research/critical/G/critical_G_A2_unit_determinant_campaign.md	critical	G	proof_campaign	3cfd781c0e9273b15ce12e9e4e7505902056a4c12e2aebd5bad78725682dcc55	current	critical:docs/G/critical_G_A2_unit_determinant_campaign.md
research/critical/G/critical_G_C_gamma1_unit_determinant_campaign.md	critical	G	proof_campaign	10be671d7279984326e598bfe172c851d567e995f3438dd324ed67d637f190f0	current	critical:docs/G/critical_G_C_gamma1_unit_determinant_campaign.md
research/critical/G/critical_G_C2_binary_discriminant_resolution.md	critical	G	proof_campaign	bf0b54ebe1a83e891bae462995360eddc00b657fe1e7a5bff974fc594a4f1eeb	current	critical:docs/G/critical_G_C2_binary_discriminant_resolution.md
research/critical/G/critical_G_C2_negative_endpoint_resolution.md	critical	G	proof_campaign	fe2103bfe6bb9d38ec8063e65284d2b24e600d4b4e78c4619da8980405279ce3	current	critical:docs/G/critical_G_C2_negative_endpoint_resolution.md
research/critical/G/critical_G_content_dichotomy_campaign.md	critical	G	proof_campaign	71c93457abcfe63b53c9f717247c3e113a54d92207ff4995686c12a4e7cabe39	current	critical:docs/G/critical_G_content_dichotomy_campaign.md
research/critical/G/critical_G_exact_divisor_states_campaign.md	critical	G	proof_campaign	1077b351079b6f35408f73628bde5b07c29b43291af59d242c34476cc5ea081a	current	critical:docs/G/critical_G_exact_divisor_states_campaign.md
research/critical/G/critical_G_J10_boundary_campaign.md	critical	G	proof_campaign	55ac76b094088858a6b7faa520d13cbe82a7c0f39b58f6662e4842ea3bf360bc	current	critical:docs/G/critical_G_J10_boundary_campaign.md
research/critical/G/critical_G_J10_valuation_resolution.md	critical	G	proof_campaign	575d4095f831192bcd6258bc3dc76bee3e82b7631b24d10cca34b3634e80ee5d	current	critical:docs/G/critical_G_J10_valuation_resolution.md
research/critical/G/critical_G_primitive_core_campaign.md	critical	G	proof_campaign	ae348ecc9f865989899692ed7dcee07daf731187a6b4b8b39c73dea4debd827d	current	critical:docs/G/critical_G_primitive_core_campaign.md
research/critical/G/critical_G_primitive_remainder_campaign.md	critical	G	proof_campaign	7918fd0a766658b1f428637ed2e57a470a3b332aba97086174caecf2eddcd732	current	critical:docs/G/critical_G_primitive_remainder_campaign.md
research/critical/G/critical_G_scale_divisor_campaign.md	critical	G	proof_campaign	9cda44443926e00edb4da8dc91b203cb3e138a91a8542920a498c660fd3c268f	current	critical:docs/G/critical_G_scale_divisor_campaign.md
research/critical/G/critical_G_terminal_quotient_campaign.md	critical	G	proof_campaign	e19ff4c9638875b76683aad974d6a22704c65f593b13acd5bef08b7577167e88	current	critical:docs/G/critical_G_terminal_quotient_campaign.md
research/critical/lemmas/exact-tail-normal-form.md	critical	lemmas	lemma	9f2caa3edfa8cc0e2f9d8b5fb02c5e84dfa69e90d0589314568054e212c3296b	current	critical:docs/lemmas/exact-tail-normal-form.md
research/critical/lemmas/factor-quotient-character.md	critical	lemmas	lemma	ee23a866ba20fbb24db969d0e55b19ae7302094088712761527382a26bf7324f	current	critical:docs/lemmas/factor-quotient-character.md
research/critical/lemmas/negative-complement-corrected-divisor-normal-form.md	critical	lemmas	lemma	7cfc39eb081be3c237b8d54e346c649697e3838092eee68028d654cef62121fe	current	critical:docs/lemmas/negative-complement-corrected-divisor-normal-form.md
research/critical/lemmas/negative-complement-five-adic-lift.md	critical	lemmas	lemma	9d9224d8a9a7d0d4100a2640554d596462836c461ace206b62a57c12a130afdd	current	critical:docs/lemmas/negative-complement-five-adic-lift.md
research/critical/lemmas/negative-complement-unequal-five-adic-classification.md	critical	lemmas	lemma	5c097cbeb976aba0d7cf40d158016c1faf222213ce816fb6e85d67bd99e09108	current	critical:docs/lemmas/negative-complement-unequal-five-adic-classification.md
research/critical/lemmas/positive-complement-factor-pair.md	critical	lemmas	lemma	bf4adc1f4ab414743171a253e2e46ebf0c7701c6bb9221c39037bad49fe00f13	current	critical:docs/lemmas/positive-complement-factor-pair.md
research/critical/lemmas/positive-complement-zero-root-closure.md	critical	lemmas	lemma	94d0738fb87962b3b1cb26a56d1938213932ea5cac491336fc95d597d0e7a885	current	critical:docs/lemmas/positive-complement-zero-root-closure.md
research/critical/lemmas/q3-zero-closure.md	critical	lemmas	lemma	ada77eaa46c99621dc97552d31a09ad131d0a70222b864379712988a96237b36	current	critical:docs/lemmas/q3-zero-closure.md
research/critical/lemmas/quotient-fixed-residues.md	critical	lemmas	lemma	ee8388d0421585b0a21975162b5367210e28ad7ed76394c4260bfeea6d198b5a	current	critical:docs/lemmas/quotient-fixed-residues.md
research/critical/lemmas/r1-zero-root-mod4-closure.md	critical	lemmas	lemma	fafb701e05576195ce3715a634fbfd0cd920d4dc2859bf4f4fae251277c8e53c	current	critical:docs/lemmas/r1-zero-root-mod4-closure.md
research/critical/lemmas/r2-authoritative-growing-residue-close-factor-classification.md	critical	lemmas	lemma	e4329261e217fe72625bd9b76a8a6c7a635d1cb76222f2d6f7d6347f2f9b4bdb	current	critical:docs/lemmas/r2-authoritative-growing-residue-close-factor-classification.md
research/critical/lemmas/r2-canonical-seven-eleven-subbranch-closure.md	critical	lemmas	lemma	a7547bf88dd416a6ecb19f9c41659886fd67110abde4b97ccad2c6b7f6fe49be	current	critical:docs/lemmas/r2-canonical-seven-eleven-subbranch-closure.md
research/critical/lemmas/r2-digit-recovery-two-adic-boundary.md	critical	lemmas	lemma	bfbf5376e2c0d3de62db98bafb2be441c1f06c303733049c54755d580cce9955	current	critical:docs/lemmas/r2-digit-recovery-two-adic-boundary.md
research/critical/lemmas/r2-global-three-mod-four-valuation-support.md	critical	lemmas	lemma	0abde8d45cc601461659891b1ab02883440dc6690427b22353da3b5a0d7a07f3	current	critical:docs/lemmas/r2-global-three-mod-four-valuation-support.md
research/critical/lemmas/r2-lminus-corrected-five-adic-residue.md	critical	lemmas	lemma	81b0e41a952bed2ef31de0aa0858a4bf94207cd1273b3d96fa32e0f1816bf425	current	critical:docs/lemmas/r2-lminus-corrected-five-adic-residue.md
research/critical/lemmas/r2-lminus-gcd-aware-square-factor-allocation.md	critical	lemmas	lemma	d9598ab188c49c9ba6e732fa72214f416588279c9ea71f9b274699807cb8ec41	current	critical:docs/lemmas/r2-lminus-gcd-aware-square-factor-allocation.md
research/critical/lemmas/r2-lminus-global-finite-digit-test.md	critical	lemmas	lemma	c92825c4e7da725608701c4f22a12cb2e69e75472bb0660f5f39aa40920249e4	current	critical:docs/lemmas/r2-lminus-global-finite-digit-test.md
research/critical/lemmas/r2-lminus-nontrivial-three-mod-four-support-reduction.md	critical	lemmas	lemma	0ea021970045d8682a4a719c7fc9b9899bd8a6e58803e3ba6eaa40562e90a00f	current	critical:docs/lemmas/r2-lminus-nontrivial-three-mod-four-support-reduction.md
research/critical/lemmas/r2-lminus-primitive-support-congruence-reduction.md	critical	lemmas	lemma	b4a2e00247ebec570ceaf096e4cd680c437fc63fdad48d9b22cad2e1073bbe72	current	critical:docs/lemmas/r2-lminus-primitive-support-congruence-reduction.md
research/critical/lemmas/r2-lminus-quotient-complete-arithmetic-core.md	critical	lemmas	lemma	be6707756dffc15dd5d3160387c9b8c0046fe2899c7bd3dc97b3cb1b6ee192df	current	critical:docs/lemmas/r2-lminus-quotient-complete-arithmetic-core.md
research/critical/lemmas/r2-lplus-global-finite-digit-test.md	critical	lemmas	lemma	789cc6cdac6182beb0f2dbd6718fe7b8538bd515e3b2082a7f55ce1ac85d0af8	current	critical:docs/lemmas/r2-lplus-global-finite-digit-test.md
research/critical/lemmas/r2-lplus-growing-residue-decimal-place-cut.md	critical	lemmas	lemma	31f388c10cac1362d22ce88ddc3ec7375477a65baaa2e395d90751c523aa604c	current	critical:docs/lemmas/r2-lplus-growing-residue-decimal-place-cut.md
research/critical/lemmas/r2-lplus-joint-canonical-digit-polynomial.md	critical	lemmas	lemma	e5b6397afab38fb6c59126a8d19427204590783171216c493591eac4b4f04bdc	current	critical:docs/lemmas/r2-lplus-joint-canonical-digit-polynomial.md
research/critical/lemmas/r2-lplus-quotient-complete-arithmetic-core.md	critical	lemmas	lemma	3ee8402d450b72db5acfa388e90fbb37a271c3fdd534fcb434e9d48d185273de	current	critical:docs/lemmas/r2-lplus-quotient-complete-arithmetic-core.md
research/critical/lemmas/r2-mod3-canonical-digit-divisor-subbranch-closure.md	critical	lemmas	lemma	f6b8facb7d816fb991100511649e6afb7a5cab78f9c0b31011a633045f45df2a	current	critical:docs/lemmas/r2-mod3-canonical-digit-divisor-subbranch-closure.md
research/critical/lemmas/r2-positive-complement-orientation-safe-allocation.md	critical	lemmas	lemma	c55ef8f8866b67490950612e28ea8523b4ee3c731fd59f45cc9e81275e504445	current	critical:docs/lemmas/r2-positive-complement-orientation-safe-allocation.md
research/critical/lemmas/r2-surviving-orientation-sign-normal-forms.md	critical	lemmas	lemma	ba20e4c6b466cb4ccf87cc93a3d4705b4064dbfbbe08451e742e321fc7244dc9	current	critical:docs/lemmas/r2-surviving-orientation-sign-normal-forms.md
research/critical/lemmas/r2-terminal-divisor-mod40-subbranch-closure.md	critical	lemmas	lemma	ff7490f7d98d7098e3e622870d1505bb902d9450d45c5862ab5d96f49903801c	current	critical:docs/lemmas/r2-terminal-divisor-mod40-subbranch-closure.md
research/critical/lemmas/r2-terminal-factor-five-adic-residue-lift.md	critical	lemmas	lemma	47f9c17d388ce4085d48483673ead3ee79e9146cba33ac433bb92a00698d7979	current	critical:docs/lemmas/r2-terminal-factor-five-adic-residue-lift.md
research/critical/lemmas/r3-negative-complement-valuation-closure.md	critical	lemmas	lemma	38cf65696997496ed7acc96b6bbea112a46d86a17df962589b46ba94bc070cdb	current	critical:docs/lemmas/r3-negative-complement-valuation-closure.md
research/critical/lemmas/r4-unit-five-adic-recovery-closure.md	critical	lemmas	lemma	12a2561b1fffa3b41c154e1a1e9920e39267faa97debef1ec777eb93cb7bada1	current	critical:docs/lemmas/r4-unit-five-adic-recovery-closure.md
research/critical/lemmas/recovery-sign-normal-form.md	critical	lemmas	lemma	1846fd842f8afe4b1f6b9e1339f94bab7e7725548a6681b2480878ad5b51873c	current	critical:docs/lemmas/recovery-sign-normal-form.md
research/shared/source-navigation/critical_dependencies.md	shared	navigation	dependency_index	3ecaf73450f48c453ca618e4b0b8b5d9a4ed2947d3a3c9bdfbc12927c6d9e930	current	critical:docs/dependencies.md
research/shared/source-navigation/critical_README.md	shared	navigation	navigation	e836b0bc80be157a2fdd3fae97d5df45a06576852c9436f091d25ecd5198cada	current	critical:README.md
research/shared/source-navigation/critical_STATUS.md	shared	navigation	navigation	3ea4a087f43b32ccf24a437f8c830777b23a5f670eeaa54ba95a318763d0c68b	current	critical:STATUS.md
research/shared/source-navigation/strict_README.md	shared	navigation	navigation	7f35061e0fc50fb42e5a0bc7a2b7c5865378d0b232a420ba162bd99f29fdc85a	current	strict:README.md
research/strict/A1-backward/strict_layer_backward_A1_2x5_decimal_synchronization_campaign.md	strict	A1-backward	proof_campaign	a460a1427aa4fad487410f0b81735319eceff1ca87026a5b4161c44f49a047c8	current	strict:40-A1-backward/strict_layer_backward_A1_2x5_decimal_synchronization_campaign.md
research/strict/A1-backward/strict_layer_backward_A1_5phase_cut_synchronization_campaign.md	strict	A1-backward	proof_campaign	34d8764df0d99e505939e9ffd2c4e99e563e2349b8428e91481ff71ff92323b2	current	strict:40-A1-backward/strict_layer_backward_A1_5phase_cut_synchronization_campaign.md
research/strict/A1-backward/strict_layer_backward_A1_common_U_pullback_primitive_radial_gluing_campaign.md	strict	A1-backward	proof_campaign	b27f0dec82b9ca669e98771335698b602f77d5c437737542bb34b3d60ad1f6e9	current	strict:40-A1-backward/strict_layer_backward_A1_common_U_pullback_primitive_radial_gluing_campaign.md
research/strict/A1-backward/strict_layer_backward_A1_same_cut_norm_excess_campaign.md	strict	A1-backward	proof_campaign	c558bfd531bb0680ed0762d50c18a16ec7f2d7367213ef83935e9d8ce0a62280	current	strict:40-A1-backward/strict_layer_backward_A1_same_cut_norm_excess_campaign.md
research/strict/A1-backward/strict_layer_backward_A1_word_recovery_architecture_campaign.md	strict	A1-backward	proof_campaign	d48e4073da7fd65dae0c1828804cbff4717a96081ba126247477bf757a47fc6a	current	strict:40-A1-backward/strict_layer_backward_A1_word_recovery_architecture_campaign.md
research/strict/A1-forward/archive/30-A1-pre-J2/strict_layer_A1_endpoint_quotient_integer_alignment_campaign.md	strict	A1-forward	proof_archive	32547a6e84ab1fc083c4f2ab08c913bef82850da4daafae4928edb015aaaff49	historical	strict:archive-by-series/30-A1-pre-J2/strict_layer_A1_endpoint_quotient_integer_alignment_campaign.md
research/strict/A1-forward/archive/30-A1-pre-J2/strict_layer_A1_resonance_RGCD_overload_extinction_campaign.md	strict	A1-forward	proof_archive	2a1ca0f5e7d394f018d49e22af5c25422ce09f348e3f0ced28d64df5bf1355e0	historical	strict:archive-by-series/30-A1-pre-J2/strict_layer_A1_resonance_RGCD_overload_extinction_campaign.md
research/strict/A1-forward/archive/30-A1-pre-J2/strict_layer_A1_resonance_state_after_RGCD_campaign.md	strict	A1-forward	proof_archive	441cbc6c0f9abf5b15e946a500f85ffbb3b61257e89d341e8cb0171bf02b234e	historical	strict:archive-by-series/30-A1-pre-J2/strict_layer_A1_resonance_state_after_RGCD_campaign.md
research/strict/A1-forward/archive/30-A1-pre-J2/strict_layer_A1_resonant_transition_reduced_fraction_unit_exclusion_campaign.md	strict	A1-forward	proof_archive	c988d48b69dc213f6bb92565d1bb8788dc5e1ff201cfc81518411bac24d9d201	historical	strict:archive-by-series/30-A1-pre-J2/strict_layer_A1_resonant_transition_reduced_fraction_unit_exclusion_campaign.md
research/strict/A1-forward/archive/30-A1-pre-J2/strict_layer_A1_RU_H_first_candidate_excess_campaign.md	strict	A1-forward	proof_archive	94e78612f54728b65ebb3612b722b21bea43942aa2edc4cfa374b5642e582a4f	historical	strict:archive-by-series/30-A1-pre-J2/strict_layer_A1_RU_H_first_candidate_excess_campaign.md
research/strict/A1-forward/archive/30-A1-pre-J2/strict_layer_A1_SRUS_state_after_resonance_transition_campaign.md	strict	A1-forward	proof_archive	47f64f92ec254d305d4f8ce796f0934db36f91c37dbeccb3e16a30f16a074b19	historical	strict:archive-by-series/30-A1-pre-J2/strict_layer_A1_SRUS_state_after_resonance_transition_campaign.md
research/strict/A1-forward/strict_layer_A1_double_euclidean_smith_gcd_terminal_campaign.md	strict	A1-forward	proof_campaign	f90ab827fe157876aea20c335a576254cf0c3eb663051c11c1a671c12eeed370	current	strict:30-A1-forward/strict_layer_A1_double_euclidean_smith_gcd_terminal_campaign.md
research/strict/A1-forward/strict_layer_A1_double_euclidean_word_smith_terminal_campaign.md	strict	A1-forward	proof_campaign	2e72adca88e837afd1f1503daa3135a1ca7393f6717167648d1e034d5cb08d3c	current	strict:30-A1-forward/strict_layer_A1_double_euclidean_word_smith_terminal_campaign.md
research/strict/A1-forward/strict_layer_A1_exact_mantissa_defect_quotient_campaign.md	strict	A1-forward	proof_campaign	f5881416c13195ca1e72862b126c7f87fb92dd2e970fa9803c8548e2c05102dd	current	strict:30-A1-forward/strict_layer_A1_exact_mantissa_defect_quotient_campaign.md
research/strict/A1-forward/strict_layer_A1_flat_locus_structural_elimination_campaign.md	strict	A1-forward	proof_campaign	870de827e5bdcdf438d82d81da5ab25d42ce271d62c665c59a16a82f28694ca8	current	strict:30-A1-forward/strict_layer_A1_flat_locus_structural_elimination_campaign.md
research/strict/A1-forward/strict_layer_A1_generic_primitive_defect_synchronization_campaign.md	strict	A1-forward	proof_campaign	41d961fa7a243d91b6346c4f8b406922278fddb3d89ebdc36393054ebf9f9f5d	current	strict:30-A1-forward/strict_layer_A1_generic_primitive_defect_synchronization_campaign.md
research/strict/A1-forward/strict_layer_A1_iterated_smith_coprime_radial_exclusion_campaign.md	strict	A1-forward	proof_campaign	7f8ba8746b3a0f3812401ca7dacb79a91a7ae96708d285a2696822258f893ffd	current	strict:30-A1-forward/strict_layer_A1_iterated_smith_coprime_radial_exclusion_campaign.md
research/strict/A1-forward/strict_layer_A1_moving_core_decimal_translation_global_campaign.md	strict	A1-forward	proof_campaign	71f00a8d8427a0ac753c07f725600e74068c23fe409ba09ad1fa2f851464c37f	current	strict:30-A1-forward/strict_layer_A1_moving_core_decimal_translation_global_campaign.md
research/strict/A1-forward/strict_layer_A1_moving_profile_coprime_integer_scale_campaign.md	strict	A1-forward	proof_campaign	07975f7f3d51f5ccfea92b362ef613b9817ad0e6643699a68acc23099a40696d	current	strict:30-A1-forward/strict_layer_A1_moving_profile_coprime_integer_scale_campaign.md
research/strict/A1-forward/strict_layer_A1_primitive_conic_common_U_digit_window_campaign.md	strict	A1-forward	proof_campaign	2d48c2158ab4121b04b0b89bcf481e4f31a70da1759c264fdf78c6e043bc5451	current	strict:30-A1-forward/strict_layer_A1_primitive_conic_common_U_digit_window_campaign.md
research/strict/A1-forward/strict_layer_A1_smith_reduced_common_U_exclusion_campaign.md	strict	A1-forward	proof_campaign	55cbbcc921123c8dd7096c95dd9d7946930f7b96a27bf33c2fe5c74b09c12e00	current	strict:30-A1-forward/strict_layer_A1_smith_reduced_common_U_exclusion_campaign.md
research/strict/A1-forward/strict_layer_A1_unified_moving_profile_terminal_campaign.md	strict	A1-forward	proof_campaign	e9c4542e7ccf3bf168f3a7f2b1d53c93c1530ac98e55a5c5f137afafa2d78b47	current	strict:30-A1-forward/strict_layer_A1_unified_moving_profile_terminal_campaign.md
research/strict/backward-global/strict_layer_backward_algebraic_denominator_interface.md	strict	backward-global	proof_campaign	c913dc1dbf8dae32c17b2a176a76f9dca1869bd41bd6cba9c60917cd5322650b	current	strict:10-backward-global/strict_layer_backward_algebraic_denominator_interface.md
research/strict/backward-global/strict_layer_backward_canonical_dependency_skeleton.md	strict	backward-global	proof_campaign	db57e6f9aafefcca8ae3ca9c7cb43517cc601e5d23a4648edf4d8bf7f2345769	current	strict:10-backward-global/strict_layer_backward_canonical_dependency_skeleton.md
research/strict/backward-global/strict_layer_backward_canonical_synchronization_quotient.md	strict	backward-global	proof_campaign	69f5c887331636d0883f1e5b33e4e9082521089c9fd5711a045f5d745f3396ed	current	strict:10-backward-global/strict_layer_backward_canonical_synchronization_quotient.md
research/strict/backward-global/strict_layer_backward_denominator_decimal_interface.md	strict	backward-global	proof_campaign	0158316ac9dde17937aa475b7a6eab28e931eb3d6ac3008238b59f1d2ffae199	current	strict:10-backward-global/strict_layer_backward_denominator_decimal_interface.md
research/strict/backward-global/strict_layer_backward_global_obstruction_campaign.md	strict	backward-global	proof_campaign	004ee89165d035d8c7ecbb0207224dca3fa7e6b32471e6dc0399007fe94590ee	current	strict:10-backward-global/strict_layer_backward_global_obstruction_campaign.md
research/strict/backward-global/strict_layer_backward_global_witness_gluing_campaign.md	strict	backward-global	proof_campaign	ba5932a58278688a455a090bec1c02db9c8d9bbc92589b8760b97df628b7dbdd	current	strict:10-backward-global/strict_layer_backward_global_witness_gluing_campaign.md
research/strict/campaigns/105/105_R1_Common_Obstruction_Reconstruction.md	strict	105	stage_report	d06d6095644982290d74a784f367451250540b82aca8ff8063eb090414fb4852	historical	strict:archive-by-series/90-105/105_R1_Common_Obstruction_Reconstruction.md
research/strict/campaigns/105/105_R10_DES_Endpoint_Coset_Lift_Index.md	strict	105	stage_report	c37c52064f2749d5365820601149010f142b8e41edc9646a027bd83a464c3947	historical	strict:archive-by-series/90-105/105_R10_DES_Endpoint_Coset_Lift_Index.md
research/strict/campaigns/105/105_R11_Exact_DES_Quotient_Threshold_Membership.md	strict	105	stage_report	05028fc069a574a80913f6f106dbc24653fb2ea7c50c2cf4a67e572a037ff725	historical	strict:archive-by-series/90-105/105_R11_Exact_DES_Quotient_Threshold_Membership.md
research/strict/campaigns/105/105_R12_Normalized_Local_DES_Numerator_Residue.md	strict	105	stage_report	9e269c37bbbe23906b21310346ac11824a586702972c0cab91503ad5546f3521	historical	strict:archive-by-series/90-105/105_R12_Normalized_Local_DES_Numerator_Residue.md
research/strict/campaigns/105/105_R13_Post_PSDG_Source_Carrier_Image.md	strict	105	stage_report	a11fe86436da6b59abd777844619d0a54a006b5c2dcea8beba09e359decf491c	historical	strict:archive-by-series/90-105/105_R13_Post_PSDG_Source_Carrier_Image.md
research/strict/campaigns/105/105_R14_Positive_Radial_Core_Lift_Fibre.md	strict	105	stage_report	f19ea4cc1e428dd42eca7f7ea584bd4b28adfc146c1b280e12a1eacfa8d3db1b	historical	strict:archive-by-series/90-105/105_R14_Positive_Radial_Core_Lift_Fibre.md
research/strict/campaigns/105/105_R15_Master_G1_Z_Shell_Phase_Offensive.md	strict	105	stage_report	42ae75f11238a36ac04f8ca00b0c829189b608754406f828b6eb4730bea1b533	historical	strict:archive-by-series/90-105/105_R15_Master_G1_Z_Shell_Phase_Offensive.md
research/strict/campaigns/105/105_R16_Master_Complement_Divisor_Omega_Corridor.md	strict	105	stage_report	73279520973464e0399db36c8ac9b401efad75f4e29935d484364434d85544f5	historical	strict:archive-by-series/90-105/105_R16_Master_Complement_Divisor_Omega_Corridor.md
research/strict/campaigns/105/105_R17_Post_D_Source_Excess.md	strict	105	stage_report	f8792821f280f0980814155c2bd3d24eba4eaa177dfa56cc06f9c5105549e5ab	historical	strict:archive-by-series/90-105/105_R17_Post_D_Source_Excess.md
research/strict/campaigns/105/105_R18_Post_Corridor_Z_Shell_Compatibility.md	strict	105	stage_report	2cc4c42d8d8c93cd5d51b57873297b2a5ee276d97d330d48c4a6ef289fe5c82e	historical	strict:archive-by-series/90-105/105_R18_Post_Corridor_Z_Shell_Compatibility.md
research/strict/campaigns/105/105_R19_Absorbed_Content_Smith_Saturation.md	strict	105	stage_report	51c7f2ad1aa7bfa3d1027a132bc4252b7a4cd15546ca5b5457a325bbf30076ce	historical	strict:archive-by-series/90-105/105_R19_Absorbed_Content_Smith_Saturation.md
research/strict/campaigns/105/105_R2_Source_Section_Internalization.md	strict	105	stage_report	1837e84a9e6fe265a17edd0a8160010ac8413068333a046bac6078cdd31c926d	historical	strict:archive-by-series/90-105/105_R2_Source_Section_Internalization.md
research/strict/campaigns/105/105_R20_Face2_Decimal_Primary_Absorption_Budget.md	strict	105	stage_report	572532e1bcfdcd570d540574751dd89a63787e5caa0edc2ca6226fe36281130b	historical	strict:archive-by-series/90-105/105_R20_Face2_Decimal_Primary_Absorption_Budget.md
research/strict/campaigns/105/105_R21_Normalized_Denominator_Ratio_Corridor.md	strict	105	stage_report	d61ed47073108c5892b382a993daf9bde77f42479637fad977a444f2ce034aac	historical	strict:archive-by-series/90-105/105_R21_Normalized_Denominator_Ratio_Corridor.md
research/strict/campaigns/105/105_R22_Master_Angular_Elimination.md	strict	105	stage_report	b2b056f25bc9157e3d3abccd36d1f4a8a3013ddc40c44412233740335fc45cf6	historical	strict:archive-by-series/90-105/105_R22_Master_Angular_Elimination.md
research/strict/campaigns/105/105_R23_Completed_Positive_Angular_Load_Corridor.md	strict	105	stage_report	75e7b55e4e0130118b773d70c3c6ae1192a088cf0b96f5340201b6709b830ccf	historical	strict:archive-by-series/90-105/105_R23_Completed_Positive_Angular_Load_Corridor.md
research/strict/campaigns/105/105_R24_Post_Support_Source_Carrier_Image.md	strict	105	stage_report	e6768ee326b9796130e4ea63933ed72238f1c327c63759b70c9662e0590deedf	historical	strict:archive-by-series/90-105/105_R24_Post_Support_Source_Carrier_Image.md
research/strict/campaigns/105/105_R25_Positive_Carrier_Excess_Divisor.md	strict	105	stage_report	d211f81c318124bf3102cbca790fb4af7397cc3cf56719d0fbab0b2f2e946913	historical	strict:archive-by-series/90-105/105_R25_Positive_Carrier_Excess_Divisor.md
research/strict/campaigns/105/105_R3_Source_Completed_Valuation_Atlas.md	strict	105	stage_report	b7069eaa9884d22f94f9a50756fdac9d0c8f5ef9620ff41515e9c6621be6c57f	historical	strict:archive-by-series/90-105/105_R3_Source_Completed_Valuation_Atlas.md
research/strict/campaigns/105/105_R4_Source_Completed_Fixed_Incidence_Extraction.md	strict	105	stage_report	1a699fd5d724b06a67e80335f6bbe8e6b55e5807722aa7c67fe4f4f073755aa2	historical	strict:archive-by-series/90-105/105_R4_Source_Completed_Fixed_Incidence_Extraction.md
research/strict/campaigns/105/105_R5_Outer_Depth_Source_Selector_Fixedness.md	strict	105	stage_report	06d675f46231493be3aed371f385947eb6dc35a7cbb490dd7e500b2ccd41fab8	historical	strict:archive-by-series/90-105/105_R5_Outer_Depth_Source_Selector_Fixedness.md
research/strict/campaigns/105/105_R5C_Moving_Base_Full_Source_Decision.md	strict	105	stage_report	3628f0404c85cabc1d1681837cbe8a5ab929a9d06bacf46ca7bcbfb3147896fc	historical	strict:archive-by-series/90-105/105_R5C_Moving_Base_Full_Source_Decision.md
research/strict/campaigns/105/105_R6_General_Moving_Profile_Sphere_Master_Lift.md	strict	105	stage_report	69bbca50c6fec4cad66394546559677bd6b95971b2a919d9be27c46cd9d62249	historical	strict:archive-by-series/90-105/105_R6_General_Moving_Profile_Sphere_Master_Lift.md
research/strict/campaigns/105/105_R7_Exceptional_Square_Locus_Source_Intersection.md	strict	105	stage_report	ec2b52b0c8aa01c07b7241f4fd32768dc45175a47de9b63a220d5ea598ff583a	historical	strict:archive-by-series/90-105/105_R7_Exceptional_Square_Locus_Source_Intersection.md
research/strict/campaigns/105/105_R7B_Oriented_Root_Divisibility.md	strict	105	stage_report	f8bfe6f6d68c085c07ce2ea478b363910cb7a403b16e653da3ef5cd8e6f4428c	historical	strict:archive-by-series/90-105/105_R7B_Oriented_Root_Divisibility.md
research/strict/campaigns/105/105_R7C_Prescribed_Source_Divisor_Gate.md	strict	105	stage_report	b92633440469c3cc252dbe237f2891eea2f7c5a945a638b3d3357ce5519e9f7e	historical	strict:archive-by-series/90-105/105_R7C_Prescribed_Source_Divisor_Gate.md
research/strict/campaigns/105/105_R7D_Determinant_Packet_Source_GCD_Firewall.md	strict	105	stage_report	69c32a5c06e202431aba3a0f7694211c86b9fdd7d0422a09ef488eb31d229033	historical	strict:archive-by-series/90-105/105_R7D_Determinant_Packet_Source_GCD_Firewall.md
research/strict/campaigns/105/105_R8_Common_U_Integer_Source_Fibre.md	strict	105	stage_report	972fa7b8a5ad54224405b1f19e750f3beb1f4b96d5b36e6e4ac283e7a927c6a3	historical	strict:archive-by-series/90-105/105_R8_Common_U_Integer_Source_Fibre.md
research/strict/campaigns/105/105_R9_Endpoint_Quotient_Source_Successor.md	strict	105	stage_report	4560c3db521082d83a5e0d2f19a5d64f9728d4bc552ceb0210218108876d1fd7	historical	strict:archive-by-series/90-105/105_R9_Endpoint_Quotient_Source_Successor.md
research/strict/campaigns/105/105-R26-stage-archive.md	strict	105	stage_report	41f4e2aad7720862a98349d61d22c482b7f5045b6c54bfea56651d4032d97680	historical	strict:archive-by-series/90-105/105-R26-stage-archive.md
research/strict/campaigns/105/105-R27-stage-archive.md	strict	105	stage_report	5a18cba2cbae8346300f54d845107699c4cd3f31cca7b527c11de77597bd74b2	historical	strict:archive-by-series/90-105/105-R27-stage-archive.md
research/strict/campaigns/105/105-R28-stage-archive.md	strict	105	stage_report	ee1bf90f78f4317eefc3e3c341c3f15828e7e69724e2b5fa393765ab106f14a1	historical	strict:archive-by-series/90-105/105-R28-stage-archive.md
research/strict/campaigns/105/105-R28-TC1-derivation.md	strict	105	stage_report	4dbeba031fdba7c9ead02c72a53e6300b306b5ca610aa8f9adc1931f43363f3a	historical	strict:archive-by-series/90-105/105-R28-TC1-derivation.md
research/strict/campaigns/105/105-R28-TC1-normal-form.md	strict	105	stage_report	1909f445f52237a13066ff74439f46b53b84ff5b6b60742c0e87e46bc3a36aca	historical	strict:archive-by-series/90-105/105-R28-TC1-normal-form.md
research/strict/campaigns/105/105-R29-mu-core-derivation.md	strict	105	stage_report	51e666bb36d9cff3276ca9c6a9485d77a3bc486b12564b3f3907b30d82007e52	historical	strict:archive-by-series/90-105/105-R29-mu-core-derivation.md
research/strict/campaigns/105/105-R29-POST-RADIAL-SUPPORT-SATURATION-CERTIFICATE.md	strict	105	stage_report	e374454c24e167a922d75c06f92e93dc1041e4d56f0f7679f80abb0fe602c8d0	historical	strict:archive-by-series/90-105/105-R29-POST-RADIAL-SUPPORT-SATURATION-CERTIFICATE.md
research/strict/campaigns/105/105-R29-smith-collision-proof.md	strict	105	stage_report	ba63d3bcf0668cf96b4b9be991a617ad9090e0e65f6d5d7f8d02fa85f096bec1	historical	strict:archive-by-series/90-105/105-R29-smith-collision-proof.md
research/strict/campaigns/105/105-R29-stage-archive.md	strict	105	stage_report	f21b69272157b02a810830e49c10e5a4649daf565ad24f1ff3a946275f21ec3d	historical	strict:archive-by-series/90-105/105-R29-stage-archive.md
research/strict/campaigns/105/105-R30-q-elimination-derivation.md	strict	105	stage_report	ca536b3764ef49d593019ad7c24b3874f6b2f3b10d0f42af8218b3a966722f6e	historical	strict:archive-by-series/90-105/105-R30-q-elimination-derivation.md
research/strict/campaigns/105/105-R30-Q-SUCCESSOR-SATURATION-CERTIFICATE.md	strict	105	stage_report	4137beba338eba099012337ac2e2473e2d865bb706c3a05a336783c0ea7d3dcd	historical	strict:archive-by-series/90-105/105-R30-Q-SUCCESSOR-SATURATION-CERTIFICATE.md
research/strict/campaigns/105/105-R30-stage-archive.md	strict	105	stage_report	ce9c0be6cf52201ef99605ea4a67b414fc14327554b51a0c58d5000f84b25ade	historical	strict:archive-by-series/90-105/105-R30-stage-archive.md
research/strict/campaigns/105/105-R30-successor-collision-proof.md	strict	105	stage_report	e86d6b1e0639f2c88ed877ea783f917d5e4c2499b71382ae7a9941861245060c	historical	strict:archive-by-series/90-105/105-R30-successor-collision-proof.md
research/strict/campaigns/105/105-R30-TC3-TC4-exact-definitions.md	strict	105	stage_report	4fb3b68afbd9a95b7ff8067f5a93c78d1416f82b7c4b606912fb344163fc18f3	historical	strict:archive-by-series/90-105/105-R30-TC3-TC4-exact-definitions.md
research/strict/campaigns/105/105-R31-minimal-q-descent.md	strict	105	stage_report	8a9e688fe8c85ecbceb3d3079a8be1ee5cb01ffe4aea87295f257269cbf91322	historical	strict:archive-by-series/90-105/105-R31-minimal-q-descent.md
research/strict/campaigns/105/105-R31-N30-positive-analysis.md	strict	105	stage_report	ac3ade9284a0c18b80cbbf5c1dfd8bc4ea33c65a561612b23a929b525762d85b	historical	strict:archive-by-series/90-105/105-R31-N30-positive-analysis.md
research/strict/campaigns/105/105-R31-N30-POSITIVE-SATURATION-CERTIFICATE.md	strict	105	stage_report	6e180a2ee6837eeef6058b07c3db75f0e9769c4e84daf543f1b40ceeb6f22f5b	historical	strict:archive-by-series/90-105/105-R31-N30-POSITIVE-SATURATION-CERTIFICATE.md
research/strict/campaigns/105/105-R31-q1-forced-scale-derivation.md	strict	105	stage_report	5dce481eb346bd2e67f4f46129248d1bfb9dc9f450c81f23ae4b033b7a7483ad	historical	strict:archive-by-series/90-105/105-R31-q1-forced-scale-derivation.md
research/strict/campaigns/105/105-R31-reconstruction-audit.md	strict	105	stage_report	48c1cda935c07fe02afbe761ec49448c8f44dd5421e60eb05ebeac11105df8e1	historical	strict:archive-by-series/90-105/105-R31-reconstruction-audit.md
research/strict/campaigns/105/105-R31-stage-archive.md	strict	105	stage_report	4bcbe12605a46e69051b0bff435aa88637411bbb63ac9d644f7671254884804d	historical	strict:archive-by-series/90-105/105-R31-stage-archive.md
research/strict/campaigns/105/105-R32-digit-room-collision-derivation.md	strict	105	stage_report	f4754f5db78687282a806cb31ac9861f5df9907719bf949961d3adb9edf6bcae	historical	strict:archive-by-series/90-105/105-R32-digit-room-collision-derivation.md
research/strict/campaigns/105/105-R32-prime-branch-derivation.md	strict	105	stage_report	cc6204f27f497616aff6d75f1cd94a2084961410c95de9fb2ee77910c996ae1f	historical	strict:archive-by-series/90-105/105-R32-prime-branch-derivation.md
research/strict/campaigns/105/105-R32-q1-extinction-proof.md	strict	105	stage_report	2df5eee2cca7ab5b001305d132f80b89359c5a311aeb77e24bfd737aff2a7779	historical	strict:archive-by-series/90-105/105-R32-q1-extinction-proof.md
research/strict/campaigns/105/105-R32-stage-archive.md	strict	105	stage_report	28f7faaa8b382e4dc60537f7cf6300f2b6757c38679a03c9060dbe13da80f39c	historical	strict:archive-by-series/90-105/105-R32-stage-archive.md
research/strict/campaigns/105/105-R32-unit-chamber-exact-system.md	strict	105	stage_report	afb0ce10a906fbd3109f9dd31bc0db3fc185553a69af36c2f3397e54654da617	historical	strict:archive-by-series/90-105/105-R32-unit-chamber-exact-system.md
research/strict/campaigns/105/105-R32-UNIT-CHAMBER-SATURATION-CERTIFICATE.md	strict	105	stage_report	e86f45c58d095c70db10f9c94665911c130a9019f9c656956df17b8d4648580b	historical	strict:archive-by-series/90-105/105-R32-UNIT-CHAMBER-SATURATION-CERTIFICATE.md
research/strict/campaigns/105/105-R33-master-source-room-exact-system.md	strict	105	stage_report	13cf7727be859ccd99a35fa0c278a1ac3ba2407914b04f3f1edaa18252043af7	historical	strict:archive-by-series/90-105/105-R33-master-source-room-exact-system.md
research/strict/campaigns/105/105-R33-MASTER-SOURCE-SATURATION-CERTIFICATE.md	strict	105	stage_report	2f19b4334e3655eb40a9c12c37ef0ae14e13299762cd060b3040a0ae30309d55	historical	strict:archive-by-series/90-105/105-R33-MASTER-SOURCE-SATURATION-CERTIFICATE.md
research/strict/campaigns/105/105-R33-prime-branch-continuation.md	strict	105	stage_report	f96dd7e98deaa7cde61f1fef7d928dd567ee11e193d04a0cdcb95055af7cf5da	historical	strict:archive-by-series/90-105/105-R33-prime-branch-continuation.md
research/strict/campaigns/105/105-R33-quotient-remainder-analysis.md	strict	105	stage_report	b3baac14f0aea9596da478128416133f37d4470d27f90e00bc8b60d370017c63	historical	strict:archive-by-series/90-105/105-R33-quotient-remainder-analysis.md
research/strict/campaigns/105/105-R33-stage-archive.md	strict	105	stage_report	743a8003e7225268ed9a21678b7fc3e2690bf842a377748104af5ecdcf9849b6	historical	strict:archive-by-series/90-105/105-R33-stage-archive.md
research/strict/campaigns/105/105-R34-all-q-extension.md	strict	105	stage_report	180737061c1b353cf8702bb65cce5a5e9044923486515239f365ce0310514494	historical	strict:archive-by-series/90-105/105-R34-all-q-extension.md
research/strict/campaigns/105/105-R34-decimal-residue-collision-proof.md	strict	105	stage_report	a5030147d6d6ad12c76c8fc544c9c3a40830c64a478f5900ccc7be6a679f2797	historical	strict:archive-by-series/90-105/105-R34-decimal-residue-collision-proof.md
research/strict/campaigns/105/105-R34-source-word-exact-system.md	strict	105	stage_report	16a9a30a8a06b7fa9c3d436992c98ba6c4b5f7509a5ac6e3902ae0336a2d70f4	historical	strict:archive-by-series/90-105/105-R34-source-word-exact-system.md
research/strict/campaigns/105/105-R34-SOURCE-WORD-SATURATION-CERTIFICATE.md	strict	105	stage_report	c1e50f0934bdeeb344b4e3ef1d714952ed3f8854c60cded808af49ab3e90d427	historical	strict:archive-by-series/90-105/105-R34-SOURCE-WORD-SATURATION-CERTIFICATE.md
research/strict/campaigns/105/105-R34-stage-archive.md	strict	105	stage_report	230cff80979ca06d0bd9c79ec37bdaadaaabe2d2a046b523bf2d12cf6585fbf1	historical	strict:archive-by-series/90-105/105-R34-stage-archive.md
research/strict/campaigns/105/105-R34-U-elimination-derivation.md	strict	105	stage_report	7296bf9406a81521442b84cd8d0b3fb2b094b9f41726bc4c33ec64082fea445d	historical	strict:archive-by-series/90-105/105-R34-U-elimination-derivation.md
research/strict/campaigns/105/105-R35-stage-archive.md	strict	105	stage_report	fce11832f2949f19ec1b4c918a9faf58f2ad410442022c2e904fb5af600e71de	historical	strict:archive-by-series/90-105/105-R35-stage-archive.md
research/strict/campaigns/105/105-R35-TERMINAL-PREDICATE-SATURATION-CERTIFICATE.md	strict	105	stage_report	18525ba917a75b50bcbf9245903e0f3785e22cee65a756e96e9b05a43e705e32	historical	strict:archive-by-series/90-105/105-R35-TERMINAL-PREDICATE-SATURATION-CERTIFICATE.md
research/strict/campaigns/105/105-R36-nonunit-source-master-synchronization.md	strict	105	stage_report	0447dfb80e9a4603751649d9f819acf972908b8f9ce81e86a2f89494f48215e3	historical	strict:archive-by-series/90-105/105-R36-nonunit-source-master-synchronization.md
research/strict/campaigns/105/105-R36-simultaneous-nonempty-exact-system.md	strict	105	stage_report	bc4ec57124c43dfa072b571794eb5ed146f6a92dc10a82eea33207cc131fe057	historical	strict:archive-by-series/90-105/105-R36-simultaneous-nonempty-exact-system.md
research/strict/campaigns/105/105-R36-SIMULTANEOUS-NONEMPTY-SATURATION-CERTIFICATE.md	strict	105	stage_report	74cd6d5cafe9a84f9fc30b9a005c76fffae3f01c624c8bd44cb94011cdc60b7f	historical	strict:archive-by-series/90-105/105-R36-SIMULTANEOUS-NONEMPTY-SATURATION-CERTIFICATE.md
research/strict/campaigns/105/105-R36-stage-archive.md	strict	105	stage_report	a81860c3dfef3a85dc38ba41cf0a45e11afa4cabbc25ed4b822395fb2b6102f4	historical	strict:archive-by-series/90-105/105-R36-stage-archive.md
research/strict/campaigns/105/105-R36-unit-canonical-successor-derivation.md	strict	105	stage_report	c1ef8b7947e3a6edca62e6b890c9403e873ccbc6a9623b23d85776f0e9d5ab30	historical	strict:archive-by-series/90-105/105-R36-unit-canonical-successor-derivation.md
research/strict/campaigns/105/105-R37-corrected-source-first-search.md	strict	105	stage_report	7703979fa8bff7d0d44545db08e0157d40ff2b8e45cbece5160ed3076330387e	historical	strict:archive-by-series/90-105/105-R37-corrected-source-first-search.md
research/strict/campaigns/105/105-R37-gcd-normalized-master-sphere-system.md	strict	105	stage_report	cadf3cad7b020fcf07a3424549f30c56b38639908ae52083f9e47349502c2ed9	historical	strict:archive-by-series/90-105/105-R37-gcd-normalized-master-sphere-system.md
research/strict/campaigns/105/105-R37-GCD-NORMALIZED-SATURATION-CERTIFICATE.md	strict	105	stage_report	4b375a03a3818bbbf4b286c3078394b9749688a47951df6dfc3d53c8b751624a	historical	strict:archive-by-series/90-105/105-R37-GCD-NORMALIZED-SATURATION-CERTIFICATE.md
research/strict/campaigns/105/105-R37-stage-archive.md	strict	105	stage_report	a94b710a01a91f9db715b5293749cd4eea4ed93661e5d6b9b96ca1889ee18ed0	historical	strict:archive-by-series/90-105/105-R37-stage-archive.md
research/strict/campaigns/105/105-R38-factor-allocation-derivation.md	strict	105	stage_report	338d5666944654aa89a81e7d2deaeb7ce7cfd3ab54bd08b375ccf7eae0105d30	historical	strict:archive-by-series/90-105/105-R38-factor-allocation-derivation.md
research/strict/campaigns/105/105-R38-FIRST-GENUINE-SELECTOR-CONSISTENT-ROOT.md	strict	105	stage_report	26d3505aaad53a46445850681c3625ef044a77b82eae5e279c1b18792ecc886a	historical	strict:archive-by-series/90-105/105-R38-FIRST-GENUINE-SELECTOR-CONSISTENT-ROOT.md
research/strict/campaigns/105/105-R38-NRDG-SATURATION-CERTIFICATE.md	strict	105	stage_report	04a2c38bd7827df740a0ad585ad78b7ff6f461907793ba29ad2e4b73fcf3a578	historical	strict:archive-by-series/90-105/105-R38-NRDG-SATURATION-CERTIFICATE.md
research/strict/campaigns/105/105-R38-stage-archive.md	strict	105	stage_report	7a50e5c99ef1ba54099bb88cd8a08cc532a21dcf53142891202f258971226ca0	historical	strict:archive-by-series/90-105/105-R38-stage-archive.md
research/strict/campaigns/105/105-R39-exponent-synchronization-derivation.md	strict	105	stage_report	2486000e9d831a2e790529e0e19c418aba048d50c0e28c11679d1824147b5e35	historical	strict:archive-by-series/90-105/105-R39-exponent-synchronization-derivation.md
research/strict/campaigns/105/105-R39-FIRST-EXPONENT-SYNCHRONIZED-ROOT.md	strict	105	stage_report	2ffb62a15b58c65b2629d3a1eb3c97014e00c5cb07eb8786d32a28a9e572fbf7	historical	strict:archive-by-series/90-105/105-R39-FIRST-EXPONENT-SYNCHRONIZED-ROOT.md
research/strict/campaigns/105/105-R39-production-native-root-system.md	strict	105	stage_report	b1414272ef19922a3b74d1238a43636c733f77d751f2f947fd48cd76504e8bb3	historical	strict:archive-by-series/90-105/105-R39-production-native-root-system.md
research/strict/campaigns/105/105-R39-SOURCE-EXPONENT-IMAGE-SATURATION-CERTIFICATE.md	strict	105	stage_report	ecdb4daa7dbe0a1415e5ffa7049a0310d3e77a7ca7df4e33dec4a8d7aa2a9496	historical	strict:archive-by-series/90-105/105-R39-SOURCE-EXPONENT-IMAGE-SATURATION-CERTIFICATE.md
research/strict/campaigns/105/105-R39-stage-archive.md	strict	105	stage_report	aafd00c841c66b976dea0798a724a332ef873e25fb5806aa80619077a546158e	historical	strict:archive-by-series/90-105/105-R39-stage-archive.md
research/strict/campaigns/105/105-R40-FINAL-FAILURE-REPORT.md	strict	105	stage_report	c8bde8b716238da7d1e5b6232ab16de8bac0f753dd7b66d35fc4331c22913348	historical	strict:archive-by-series/90-105/105-R40-FINAL-FAILURE-REPORT.md
research/strict/campaigns/105/local/105_V3_CONTINUATION_REPORT.md	strict	105	stage_report	dd47e67611b67bb35a916f4764c7044b0715635ecc83c02fa693e280f711a44b	current	strict:105_V3_CONTINUATION_REPORT.md
research/strict/campaigns/105/local/105_V3_OPEN_STATE_REPORT.md	strict	105	stage_report	4280028f8f9a08979f7b3001de62448950aec448121aac550201a48c7458cd56	current	strict:105_V3_OPEN_STATE_REPORT.md
research/strict/campaigns/105/local/105_V3_STAGE_02_R40_QUOTIENT_AND_SUPPORT_AUDIT.md	strict	105	stage_report	28e882261e56d335fda23e2edd67c9c7bd1468c832515087707ea219c7f6d71d	current	strict:105_V3_STAGE_02_R40_QUOTIENT_AND_SUPPORT_AUDIT.md
research/strict/campaigns/105/local/105_V3_STAGE_03_SOURCE_ROOM_SUCCESSOR_AUDIT.md	strict	105	stage_report	af6366333b68b5cd98ad22a02e95358914fd2a895732b2bebd398b7b4b6dcf07	current	strict:105_V3_STAGE_03_SOURCE_ROOM_SUCCESSOR_AUDIT.md
research/strict/campaigns/105/local/105_V3_STAGE_04_BOUNDED_SEARCH_AUDIT.md	strict	105	stage_report	7884362800f691d0bca12c133e784990625f3e40e513288fabb7e7194b29e82d	current	strict:105_V3_STAGE_04_BOUNDED_SEARCH_AUDIT.md
research/strict/campaigns/105/local/STATE_RECONSTRUCTION_REPORT.md	strict	105	theorem_status_index	d8d7c962b048065f1549710769cc67a34be6e1a65d3199f8b917ad0ec63533dd	current	strict:STATE_RECONSTRUCTION_REPORT.md
research/strict/campaigns/75/00_65_terminal_recompression.md	strict	75	stage_report	7bf3391780abd867c8cd40844c11c24d8bc6b88e9cd292420c28c6c331dc8042	historical	strict:archive-by-series/65-bridge-and-provenance/00_65_terminal_recompression.md
research/strict/campaigns/75/01_standard_language_dictionary.md	strict	75	stage_report	be7393e279048fdac855bd378d713ad93a1336e49eec6c15d44ddb312e8b2bdd	historical	strict:archive-by-series/65-bridge-and-provenance/01_standard_language_dictionary.md
research/strict/campaigns/75/03_USSPAL_intrinsic_lower_barrier.md	strict	75	stage_report	c3918d2b27ce9b3aa8b45fd9be7cd426e74bda4428d9132f08174ea5313137bc	historical	strict:archive-by-series/65-bridge-and-provenance/03_USSPAL_intrinsic_lower_barrier.md
research/strict/campaigns/75/06_power_ten_rearchitecture_audit.md	strict	75	stage_report	01aab72ce5c490c720b614311e82a0ebaa74ad0f41b4934f2a06d5ffe4698f6b	historical	strict:archive-by-series/65-bridge-and-provenance/06_power_ten_rearchitecture_audit.md
research/strict/campaigns/75/06_primitive_sector_congruence.md	strict	75	stage_report	53a11d3c0541a6c1c32563db7400e4f687268e0423e7083baf8e4d6429f3b7a3	historical	strict:archive-by-series/65-bridge-and-provenance/06_primitive_sector_congruence.md
research/strict/campaigns/75/07_archimedean_digit_region.md	strict	75	stage_report	246b438b1be75ee5c94e4729eb36331135536f3eb3bf01e14e079c017ede34a4	historical	strict:archive-by-series/65-bridge-and-provenance/07_archimedean_digit_region.md
research/strict/campaigns/75/07_reverse_semantics_audit.md	strict	75	stage_report	95b829e440f58330ac6684083453704d75b8c853c99e98274360f6d47392d48c	historical	strict:archive-by-series/65-bridge-and-provenance/07_reverse_semantics_audit.md
research/strict/campaigns/75/08_quantitative_theorem_registry.md	strict	75	stage_report	5fb2682634da1a5c7e9ae8ccc4f5e68858fda53455ca02bb371f6cf128d1899d	historical	strict:archive-by-series/65-bridge-and-provenance/08_quantitative_theorem_registry.md
research/strict/campaigns/75/08_weapon_ranking.md	strict	75	stage_report	1f59f5d4760b77d8c230ad9ce9bf09218422f5b7ec277645db6d53058e613616	historical	strict:archive-by-series/65-bridge-and-provenance/08_weapon_ranking.md
research/strict/campaigns/75/09_height_bridge_analysis.md	strict	75	stage_report	a364197e65fa6215dde0f91c2495d9dedd0b2a8a9cc509be103d8d7d8cb931c0	historical	strict:archive-by-series/65-bridge-and-provenance/09_height_bridge_analysis.md
research/strict/campaigns/75/10_external_arsenal_map.md	strict	75	stage_report	765d8d325a1a35460ad808368e1d29f65b1666f63b582a4c27c48e8ff5eae35c	historical	strict:archive-by-series/65-bridge-and-provenance/10_external_arsenal_map.md
research/strict/campaigns/75/11_main_proof_interface_decision.md	strict	75	stage_report	866e4534e43a37dc3bdf8133bf6acb607bddefebb975da580fd4594949b3d594	historical	strict:archive-by-series/65-bridge-and-provenance/11_main_proof_interface_decision.md
research/strict/campaigns/75/11_remaining_internal_mathematics.md	strict	75	stage_report	41c1926fac85d12cad677d1ab282afe1da47cdbf8bf14f6d43871764af1e369d	historical	strict:archive-by-series/65-bridge-and-provenance/11_remaining_internal_mathematics.md
research/strict/campaigns/75/12_R1_terminal_verdict.md	strict	75	stage_report	4ef362817462effe45356f07352eb1db90a9690280e4393aae70463a9178f615	historical	strict:archive-by-series/65-bridge-and-provenance/12_R1_terminal_verdict.md
research/strict/campaigns/75/12_R2_terminal_verdict.md	strict	75	stage_report	5906fdafe1555a4d9069014916b3dbbdfc56a91da8d867e0b367301a88a7be2b	historical	strict:archive-by-series/65-bridge-and-provenance/12_R2_terminal_verdict.md
research/strict/campaigns/75/12_R6_terminal_verdict.md	strict	75	stage_report	d455f4a5e0afc835c67f3fb0c358474c973505580427941ff359be63f3fd0b1f	historical	strict:archive-by-series/65-bridge-and-provenance/12_R6_terminal_verdict.md
research/strict/campaigns/75/12_remaining_internal_mathematics.md	strict	75	stage_report	64a4bbafca678513e2c9eb1c56aa061fa9072e8019b362a177451ed89ab73dbf	historical	strict:archive-by-series/65-bridge-and-provenance/12_remaining_internal_mathematics.md
research/strict/campaigns/75/12_remaining_new_mathematics.md	strict	75	stage_report	1d913f23c48c03cc41419e5b67e1ead50bb8cde0218e7032e966e3919c44789c	historical	strict:archive-by-series/65-bridge-and-provenance/12_remaining_new_mathematics.md
research/strict/campaigns/75/13_R7_terminal_verdict.md	strict	75	stage_report	120861719a8749d631eba549d88c1111949988233dba5e5d6d994be1456b5d43	historical	strict:archive-by-series/65-bridge-and-provenance/13_R7_terminal_verdict.md
research/strict/campaigns/75/13_R8_terminal_verdict.md	strict	75	stage_report	403c7fb8d4ddfb68fc943d7187617f91a43c5cd79e7fef3db181bfd0601b68eb	historical	strict:archive-by-series/65-bridge-and-provenance/13_R8_terminal_verdict.md
research/strict/campaigns/75/14_R3_terminal_verdict.md	strict	75	stage_report	a7d7c3b11ae85da98438fb6b337ebe4ba06aa1b011f81d96defa152c0c6403f6	historical	strict:archive-by-series/65-bridge-and-provenance/14_R3_terminal_verdict.md
research/strict/campaigns/75/14_USSPAL_route_viability.md	strict	75	stage_report	7f16b3b124bb3cec3aa4c2ec16ae965eac4d04f5ee0120a39a1c8dcd4d183e29	historical	strict:archive-by-series/65-bridge-and-provenance/14_USSPAL_route_viability.md
research/strict/campaigns/75/15_R4_terminal_verdict.md	strict	75	stage_report	66739c97703759d6ab79ff184fd7083677e3c23b0a1368d9c7b4f755e72524ee	historical	strict:archive-by-series/65-bridge-and-provenance/15_R4_terminal_verdict.md
research/strict/campaigns/75/15_remaining_new_mathematics.md	strict	75	stage_report	2019783821120d6b63bce1bf87e0a033826b3c132c2485d660ae3c7fc1aa65eb	historical	strict:archive-by-series/65-bridge-and-provenance/15_remaining_new_mathematics.md
research/strict/campaigns/75/16_R5_terminal_verdict.md	strict	75	stage_report	376a1cb85131e1b40d4c9594255bb146c85d6bdc19a3030230c73de25b829d9a	historical	strict:archive-by-series/65-bridge-and-provenance/16_R5_terminal_verdict.md
research/strict/campaigns/75/7_15_Audit_Report.md	strict	75	stage_report	77afeed57dc3892bb7227e5a0521feba34ac9440387b4eecd3551628a2b913ce	historical	strict:archive-by-series/64-75-and-migration/7_15_Audit_Report.md
research/strict/campaigns/75/MC-001_Huang_Ternary_Cone_Primitive_Local_Counting(1).md	strict	75	stage_report	c8549c796fb35d9eedd547c3fcd469aea4c5284a8ec38fd38cc7edcd595e35aa	historical	strict:archive-by-series/64-75-and-migration/MC-001_Huang_Ternary_Cone_Primitive_Local_Counting(1).md
research/strict/campaigns/75/MC-001_Huang_Ternary_Cone_Primitive_Local_Counting.md	strict	75	stage_report	9c1ca4b903cecdb7afa0ff9dfd9bbccbe278bd9c52172e2cfdf7e457bffc7cb6	historical	strict:archive-by-series/64-75-and-migration/MC-001_Huang_Ternary_Cone_Primitive_Local_Counting.md
research/strict/campaigns/75/MC-002_Cassels_Small_Zero.md	strict	75	stage_report	7465d781323dc14b1235cddf3a5762b31536c8bb3d42d731ef72013a7e142649	historical	strict:archive-by-series/64-75-and-migration/MC-002_Cassels_Small_Zero.md
research/strict/campaigns/85/85_phaseII_R1_moving_square_exactization.md	strict	85	stage_report	b362ba10ff073c5905400770e3bc7cc83a53f75067e79ae2cac143a639a944a4	historical	strict:archive-by-series/70-85/85_phaseII_R1_moving_square_exactization.md
research/strict/campaigns/85/85_phaseII_R1_R10_final_architecture_autopsy.md	strict	85	stage_report	6c83d6f2470c526b965a3b42447870fe212f9660d26750bfda158cc4a97cdb9d	historical	strict:archive-by-series/70-85/85_phaseII_R1_R10_final_architecture_autopsy.md
research/strict/campaigns/85/85_phaseII_R10_root_lattice_interlacing_checkpoint.md	strict	85	stage_report	7913f61476e4a078bf916a87e56defc435639be963da1634f6664ef15bbc67e8	historical	strict:archive-by-series/70-85/85_phaseII_R10_root_lattice_interlacing_checkpoint.md
research/strict/campaigns/85/85_phaseII_R2_moving_square_exactization.md	strict	85	stage_report	d73d5921aa8f00547ef642929ff3fffc05f5c90b70b6a9873564cb220da5757f	historical	strict:archive-by-series/70-85/85_phaseII_R2_moving_square_exactization.md
research/strict/campaigns/85/85_phaseII_R2_radial_extinction.md	strict	85	stage_report	6a0147d75491933a0b251436f8d466ba1ce90e20750bc8d34f54385170961124	historical	strict:archive-by-series/70-85/85_phaseII_R2_radial_extinction.md
research/strict/campaigns/85/85_phaseII_R3_primitive_height.md	strict	85	stage_report	9429974f50975ca30d672007434dbc0f76e96f32af3571d5bdb6094fdebfe295	historical	strict:archive-by-series/70-85/85_phaseII_R3_primitive_height.md
research/strict/campaigns/85/85_phaseII_R4_two_prime_height_transfer.md	strict	85	stage_report	ada9385b9279a5cf9c6d78c46e9c36c872f9dfa767513cc61f66d19be484f936	historical	strict:archive-by-series/70-85/85_phaseII_R4_two_prime_height_transfer.md
research/strict/campaigns/85/85_phaseII_R5_content_capacity_checkpoint.md	strict	85	stage_report	44838351a23e092b6a343ee638459d1c138fb3a1c4ecc349d3ff966c06d6e4d7	historical	strict:archive-by-series/70-85/85_phaseII_R5_content_capacity_checkpoint.md
research/strict/campaigns/85/85_phaseII_R6_canonical_height_repair_or_kill.md	strict	85	stage_report	ee715188888865805f66a5ac90d9c605a52649e492e310c48b9e52c5dc7ce039	historical	strict:archive-by-series/70-85/85_phaseII_R6_canonical_height_repair_or_kill.md
research/strict/campaigns/85/85_phaseII_R7_source_incidence_reset.md	strict	85	stage_report	b65f058c0d5621e475ca5304233990a7a7c8d8d2726dfe51d150ef0f50d829a4	historical	strict:archive-by-series/70-85/85_phaseII_R7_source_incidence_reset.md
research/strict/campaigns/85/85_phaseII_R8_scaled_common_u_extinction.md	strict	85	stage_report	91d618ef8cb914077749b6fa5d342757adea432f7716222c283288803513d1eb	historical	strict:archive-by-series/70-85/85_phaseII_R8_scaled_common_u_extinction.md
research/strict/campaigns/85/85_phaseII_R9_absolute_box_root_incidence.md	strict	85	stage_report	c1313b193be1e8e2cebf2f2f360a9ddc6ba3a9ea2797f4589e045d1024d909e5	historical	strict:archive-by-series/70-85/85_phaseII_R9_absolute_box_root_incidence.md
research/strict/campaigns/85/85_R1_J2_Terminal_Recompression_and_Minimal_Survivor.md	strict	85	stage_report	d8acfadc714d7d61b4c8760f3435d16dc53d5095345797fb6e4e521d48178360	historical	strict:archive-by-series/70-85/85_R1_J2_Terminal_Recompression_and_Minimal_Survivor.md
research/strict/campaigns/85/85_R1_R5_First_Five_Round_Closure_Checkpoint.md	strict	85	stage_report	11f7a9db8e0c7216195b63ae6b3c2509e24e2c78698729be45e3130589baf38e	historical	strict:archive-by-series/70-85/85_R1_R5_First_Five_Round_Closure_Checkpoint.md
research/strict/campaigns/85/85_R10_MovingBase_Globalization_and_Gamma10_Activation_Audit.md	strict	85	stage_report	d498a909151152ac9c24d22bd298d4937116671876743be8e92993e60647580d	historical	strict:archive-by-series/70-85/85_R10_MovingBase_Globalization_and_Gamma10_Activation_Audit.md
research/strict/campaigns/85/85_R11_PhaseII_Moving_Square_Theorem_and_Launch_Plan.md	strict	85	stage_report	b36110bee7d07f2e60af24175d648acc83ced2e0187030129773a7215e00eae8	historical	strict:archive-by-series/70-85/85_R11_PhaseII_Moving_Square_Theorem_and_Launch_Plan.md
research/strict/campaigns/85/85_R11_R1_R10_Full_Architecture_Autopsy_and_PhaseI_Freeze.md	strict	85	stage_report	66bafd1c4bb6e23478ac04ec39045b015099cf68ccba6161bb0a3af02002de75	historical	strict:archive-by-series/70-85/85_R11_R1_R10_Full_Architecture_Autopsy_and_PhaseI_Freeze.md
research/strict/campaigns/85/85_R2_Euclidean_Quotient_and_Floor_Carry_Explicitization.md	strict	85	stage_report	8b6bafaa2eeb3ceb3f4b3022d0fd27f811a735ef84af164f23908d202faca0e7	historical	strict:archive-by-series/70-85/85_R2_Euclidean_Quotient_and_Floor_Carry_Explicitization.md
research/strict/campaigns/85/85_R3_Source_Cut_Residual_Exclusion_and_Regular_J2_Closure.md	strict	85	stage_report	7dffe06fc337f16f26d57c9033c4f3dc98b499cc4c3052de781b40d534cbba66	historical	strict:archive-by-series/70-85/85_R3_Source_Cut_Residual_Exclusion_and_Regular_J2_Closure.md
research/strict/campaigns/85/85_R4_Primitive_Odd_Prime_Allocation_and_Source_Divisor_Image.md	strict	85	stage_report	be9352b89dcfda68f0e8c6e44f3d5357e51977106ff41f25574dc4e393d95a67	historical	strict:archive-by-series/70-85/85_R4_Primitive_Odd_Prime_Allocation_and_Source_Divisor_Image.md
research/strict/campaigns/85/85_R5_PreRoot_Order_Collision_and_Digit_Window.md	strict	85	stage_report	ce8fc9ba9e4b98026a81b86713c1450afaca3bbfe4bd9dfec4e5344ecbc38950	historical	strict:archive-by-series/70-85/85_R5_PreRoot_Order_Collision_and_Digit_Window.md
research/strict/campaigns/85/85_R6_N0_Split_Family_x_FullWord_Source_Projection_Rearchitecture.md	strict	85	stage_report	eb052cce1d90a6e45f07fd94b28f175f4b703f758807689302ac5ff2a3e9608b	historical	strict:archive-by-series/70-85/85_R6_N0_Split_Family_x_FullWord_Source_Projection_Rearchitecture.md
research/strict/campaigns/85/85_R6_R10_Second_Five_Round_Architecture_Shock_Checkpoint.md	strict	85	stage_report	aa324348169a83238b80a3d1a7add5ce39c566db387ab7ba3677596b11ec5d8e	historical	strict:archive-by-series/70-85/85_R6_R10_Second_Five_Round_Architecture_Shock_Checkpoint.md
research/strict/campaigns/85/85_R7_J2_Endpoint_Modular_Jump_and_CommonScale_Integer_Extinction.md	strict	85	stage_report	e0f85fc13195d10e1efc6330af85726b6de338d64c1e66f0b417ec224cbf0c5e	historical	strict:archive-by-series/70-85/85_R7_J2_Endpoint_Modular_Jump_and_CommonScale_Integer_Extinction.md
research/strict/campaigns/85/85_R8_PLCF_Countermodel_Differential_and_SourceProjection_Termination.md	strict	85	stage_report	7c2a8e41d4fb609b8251be45a6c0bff1229b0041aaa8e90975be27f07cfea209	historical	strict:archive-by-series/70-85/85_R8_PLCF_Countermodel_Differential_and_SourceProjection_Termination.md
research/strict/campaigns/85/85_R9_Joint_FullRoot_x_ExactSource_Incidence_Central_Assault.md	strict	85	stage_report	443f115123128037181f3c4c2781e59ef6dcfa15afc19562fec212ea34d3cdd6	historical	strict:archive-by-series/70-85/85_R9_Joint_FullRoot_x_ExactSource_Incidence_Central_Assault.md
research/strict/campaigns/85/第三个八五计划_R1_归档.md	strict	85	stage_report	efe1d51582a105f5f685084bd3da8bf963cbb183e7b8926b94d71953ee6795c3	historical	strict:archive-by-series/65-bridge-and-provenance/第三个八五计划_R1_归档.md
research/strict/campaigns/95/95_R1_Full_A1_Historical_Recovery_and_NonJ2_Canonical_Frontier.md	strict	95	stage_report	08639bc76334b3c85de46e9eb6781dcf8f19a5c75cf38b0801016e4156a14bae	historical	strict:archive-by-series/80-95/95_R1_Full_A1_Historical_Recovery_and_NonJ2_Canonical_Frontier.md
research/strict/campaigns/95/95_R10_Second_Architecture_Shock_Checkpoint_and_New_Invariant_Audit.md	strict	95	stage_report	f73be16a7741995197a4898082a3675b5f9ecbd2663dd000e0d18900afdea382	historical	strict:archive-by-series/80-95/95_R10_Second_Architecture_Shock_Checkpoint_and_New_Invariant_Audit.md
research/strict/campaigns/95/95_R2_NonJ2_Resonant_Cyclotomic_Endpoint_Collision.md	strict	95	stage_report	929f899e46fbf935532bbd095d1ff4534654cb3dc4acd5211437bbf8c076f541	historical	strict:archive-by-series/80-95/95_R2_NonJ2_Resonant_Cyclotomic_Endpoint_Collision.md
research/strict/campaigns/95/95_R3_Finite_Successor_Endpoint_Incidence_and_Signed_RRGS_Test.md	strict	95	stage_report	119486ebef6e2efad738649d898ab250ca99d98cafa37984372e71f1ea18f265	historical	strict:archive-by-series/80-95/95_R3_Finite_Successor_Endpoint_Incidence_and_Signed_RRGS_Test.md
research/strict/campaigns/95/95_R4_Successor_Conditioned_Primitive_Root_Gate_and_Negative_Ud2_Capacity.md	strict	95	stage_report	2a4a89d0eb3b4ebfa6c99169872a556b2901bc1daee7cb7b990f7c0385490688	historical	strict:archive-by-series/80-95/95_R4_Successor_Conditioned_Primitive_Root_Gate_and_Negative_Ud2_Capacity.md
research/strict/campaigns/95/95_R5_First_Architecture_Shock_Checkpoint.md	strict	95	stage_report	3ad184a53dd3bd10a9fcc3fecfffea1261d868bc20c947cd25bfd658b98b5da0	historical	strict:archive-by-series/80-95/95_R5_First_Architecture_Shock_Checkpoint.md
research/strict/campaigns/95/95_R6_T0_Transition_Finite_Borrow_Affine_Boundary_Margin_Assault.md	strict	95	stage_report	dca23a48d75853a807dee45c8af9f5353737c2c3793e281ee1f5028b8bf991d2	historical	strict:archive-by-series/80-95/95_R6_T0_Transition_Finite_Borrow_Affine_Boundary_Margin_Assault.md
research/strict/campaigns/95/95_R7_Transition_Source_Boundary_Bridge_Repair_or_Kill.md	strict	95	stage_report	d873a167e345340890aaf133833ef3b1535e20e5b366818e39a19c43fee62bc8	historical	strict:archive-by-series/80-95/95_R7_Transition_Source_Boundary_Bridge_Repair_or_Kill.md
research/strict/campaigns/95/95_R8_g0_Smith_Reduced_Common_U_Three_Layer_Assault.md	strict	95	stage_report	8e8aa0ad70a3a1616429936a6b0860b4ae27310d249f7a1f7fd947931082b86c	historical	strict:archive-by-series/80-95/95_R8_g0_Smith_Reduced_Common_U_Three_Layer_Assault.md
research/strict/campaigns/95/95_R9_Outer_Plus_No_Borrow_Projective_Smallness_Assault.md	strict	95	stage_report	78d4505ee20040800a8d68e1eecaeb1b69ca0c9278f67d9b3fec5c9d2132af69	historical	strict:archive-by-series/80-95/95_R9_Outer_Plus_No_Borrow_Projective_Smallness_Assault.md
research/strict/campaigns/Fourth-85/Fourth_85_R1_Fixed_Object_Extraction.md	strict	Fourth-85	stage_report	160b88697d2a73be5d774050745a0561bdc3bb352af63ec2e13ba61b2ed12419	historical	strict:archive-by-series/72-Fourth-85/Fourth_85_R1_Fixed_Object_Extraction.md
research/strict/campaigns/Fourth-85/Fourth_85_R1_Lemmas.md	strict	Fourth-85	stage_report	df8a7d7f19b8a72f934fdcd84ba6fa5b733e8e291761689c595949967794d4d0	historical	strict:archive-by-series/72-Fourth-85/Fourth_85_R1_Lemmas.md
research/strict/campaigns/Fourth-85/Fourth_85_R1_R5_First_Checkpoint.md	strict	Fourth-85	stage_report	5975adfc78ab581b3f33dbad05ef742ca2c762ee8f6fdeadc5ef7226ce35867c	historical	strict:archive-by-series/72-Fourth-85/Fourth_85_R1_R5_First_Checkpoint.md
research/strict/campaigns/Fourth-85/Fourth_85_R2_Decimal_Core_Factor_Gap.md	strict	Fourth-85	stage_report	fd11377305f8f027773d62604088a0c116604678573d279543d5fb3b7ff40c1b	historical	strict:archive-by-series/72-Fourth-85/Fourth_85_R2_Decimal_Core_Factor_Gap.md
research/strict/campaigns/Fourth-85/Fourth_85_R2_Factor_Gap_Lemmas.md	strict	Fourth-85	stage_report	2ad19ee74866b54a6cec6095601880676fd56a8087cf90efbda0fd0c6ceb74d3	historical	strict:archive-by-series/72-Fourth-85/Fourth_85_R2_Factor_Gap_Lemmas.md
research/strict/campaigns/Fourth-85/Fourth_85_R3_Support_Collision_Norm_Orbit.md	strict	Fourth-85	stage_report	483e82a47fa3893f51d08fbdb80c57434d8c14b7db5bec98d3988ca536b2ff4a	historical	strict:archive-by-series/72-Fourth-85/Fourth_85_R3_Support_Collision_Norm_Orbit.md
research/strict/campaigns/Fourth-85/Fourth_85_R4_Function_Field_Norm_Certificate.md	strict	Fourth-85	stage_report	89cf01e8bd9cc8fb7133b9f9eac70c394b02d7dfd3790b1c9e11cf1f50eff6bb	historical	strict:archive-by-series/72-Fourth-85/Fourth_85_R4_Function_Field_Norm_Certificate.md
research/strict/campaigns/Fourth-85/Fourth_85_R4_Global_Total_Space.md	strict	Fourth-85	stage_report	ef2afa0a95da40e861f25f5ce2ec7dc685ca82bdd80c737d407d1141db6d5bc7	historical	strict:archive-by-series/72-Fourth-85/Fourth_85_R4_Global_Total_Space.md
research/strict/campaigns/Fourth-85/Fourth_85_R4_K10_q1_Local_Closure_Certificate.md	strict	Fourth-85	stage_report	4baac47b931e1b3fceddb7a1b4f42846234ffba1c3cc56e733959101bf54908b	historical	strict:archive-by-series/72-Fourth-85/Fourth_85_R4_K10_q1_Local_Closure_Certificate.md
research/strict/campaigns/Fourth-85/Fourth_85_R5_Brauer_Gaussian_Reduction_Certificate.md	strict	Fourth-85	stage_report	653a61ff0aec28353537c1d0895fe3da9a527766a2192964235c53c207f56ada	historical	strict:archive-by-series/72-Fourth-85/Fourth_85_R5_Brauer_Gaussian_Reduction_Certificate.md
research/strict/campaigns/Fourth-85/Fourth_85_R5_Local_Cover_Autopsy.md	strict	Fourth-85	stage_report	2849d1c4be925f8a592dd7d363d769c88d906c0ac6ab5970d8059066af5b41af	historical	strict:archive-by-series/72-Fourth-85/Fourth_85_R5_Local_Cover_Autopsy.md
research/strict/campaigns/Fourth-85/Fourth_85_R5_Norm_Brauer_Exponent_Atlas.md	strict	Fourth-85	stage_report	a3985b6192f706a202601e29ce5e09cbbe91ed6e4d19b30ebc5e8c21e727a56f	historical	strict:archive-by-series/72-Fourth-85/Fourth_85_R5_Norm_Brauer_Exponent_Atlas.md
research/strict/campaigns/Fourth-85/Fourth_85_R6_Explicit_Extension_Gaussianization_Certificate.md	strict	Fourth-85	stage_report	5367258004c7ead404687bc6fe31401a6622233cb755aa8f64699174b0bbf9f8	historical	strict:archive-by-series/72-Fourth-85/Fourth_85_R6_Explicit_Extension_Gaussianization_Certificate.md
research/strict/campaigns/Fourth-85/Fourth_85_R6_Gaussian_Architecture_Autopsy.md	strict	Fourth-85	stage_report	0a68e66772dac7b038e81cc3b26139ce904936397acf7d727390067bf8713087	historical	strict:archive-by-series/72-Fourth-85/Fourth_85_R6_Gaussian_Architecture_Autopsy.md
research/strict/campaigns/Fourth-85/Fourth_85_R6_Gaussian_Source_Embedding.md	strict	Fourth-85	stage_report	92f851b361c5061e00cdddebd076ac64e3a71b6244d230e7f585a2f4cd7c5b3c	historical	strict:archive-by-series/72-Fourth-85/Fourth_85_R6_Gaussian_Source_Embedding.md
research/strict/campaigns/Fourth-85/Fourth_85_R6_Source_Lattice_Certificate.md	strict	Fourth-85	stage_report	c97ff2d84c9bcbfadc4f44e74891ab74a0f66e14380b05da8bfa90d16cecdb91	historical	strict:archive-by-series/72-Fourth-85/Fourth_85_R6_Source_Lattice_Certificate.md
research/strict/campaigns/Fourth-85/Fourth_85_R6_Tau39_Source_Closure_Certificate.md	strict	Fourth-85	stage_report	738315bd5e5f364437db378cb9933eec8a015bb9916df406ba84a2ff6833746d	historical	strict:archive-by-series/72-Fourth-85/Fourth_85_R6_Tau39_Source_Closure_Certificate.md
research/strict/campaigns/J2-55/J2-55-R10-Tail-Reintegration-Third-Residual-Report.md	strict	J2-55	stage_report	62f6320d214c70c565855f41f52f7fd6095a3dae2925ddea3a279263d629c1e5	historical	strict:archive-by-series/50-J2-55/J2-55-R10-Tail-Reintegration-Third-Residual-Report.md
research/strict/campaigns/J2-55/J2-55-R11-Deterministic-u-Decimal-Cofactor-Report.md	strict	J2-55	stage_report	3862b9d8d72830de4875e80ec195c02c8fbbf5efdde035fc966e034343d2a791	historical	strict:archive-by-series/50-J2-55/J2-55-R11-Deterministic-u-Decimal-Cofactor-Report.md
research/strict/campaigns/J2-55/J2-55-R12-Carry-Saturated-Root-Gaussian-Report.md	strict	J2-55	stage_report	03e0f3a1b4f763d6cfec6ef10f25dddad5e743de2b3a80c6acae672780dae7e5	historical	strict:archive-by-series/50-J2-55/J2-55-R12-Carry-Saturated-Root-Gaussian-Report.md
research/strict/campaigns/J2-55/J2-55-R13-Independent-Root-Coefficient-Gaussian-Report.md	strict	J2-55	stage_report	74b49876e3055be415a015bb11cb95970b5af0a3ed48c7e4713de41254cfbe36	historical	strict:archive-by-series/50-J2-55/J2-55-R13-Independent-Root-Coefficient-Gaussian-Report.md
research/strict/campaigns/J2-55/J2-55-R14-Carry-NextBit-Gaussian-SecondLift-Report.md	strict	J2-55	stage_report	d192ff185f59e5e71c8b669cf709f382eeed676d752d80cc280765f7debb0831	historical	strict:archive-by-series/50-J2-55/J2-55-R14-Carry-NextBit-Gaussian-SecondLift-Report.md
research/strict/campaigns/J2-55/J2-55-R15-Spliced-Factor-2Adic-NegativeConic-Report.md	strict	J2-55	stage_report	25fddcf907ff749ae1754fd7f389b69268deed2c0bb963a26a79245bd39346ab	historical	strict:archive-by-series/50-J2-55/J2-55-R15-Spliced-Factor-2Adic-NegativeConic-Report.md
research/strict/campaigns/J2-55/J2-55-R1-A-Root-Lift-Report.md	strict	J2-55	stage_report	ee074c4b046f3045da36a177922855485e8bf974c325f024ae09124d41d1539d	historical	strict:archive-by-series/50-J2-55/J2-55-R1-A-Root-Lift-Report.md
research/strict/campaigns/J2-55/J2-55-R2-USquare-Carry-Collision-Report.md	strict	J2-55	stage_report	6daacae44318f0eddf99901a1c858e3f98a2ff8a6fb9400f408e2ce6509ca8b9	historical	strict:archive-by-series/50-J2-55/J2-55-R2-USquare-Carry-Collision-Report.md
research/strict/campaigns/J2-55/J2-55-R3-Decimal-Residual-Collision-Report.md	strict	J2-55	stage_report	dc2ad35fe1635d7ce92d6fc177e2a32eba08cf60cfe9881db3c5b3336154d6cd	historical	strict:archive-by-series/50-J2-55/J2-55-R3-Decimal-Residual-Collision-Report.md
research/strict/campaigns/J2-55/J2-55-R4-Complementary-Factor-Euclidean-Report.md	strict	J2-55	stage_report	d5802b71a4d5a61ff35f491813bafd1e0effb08a85095401ce5b983503f16779	historical	strict:archive-by-series/50-J2-55/J2-55-R4-Complementary-Factor-Euclidean-Report.md
research/strict/campaigns/J2-55/J2-55-R5-Linearized-Residual-Predicted-Root-Report.md	strict	J2-55	stage_report	076ddff9262835b3bca80ccdb329525acd42a81243f222d10ef480694a11a582	historical	strict:archive-by-series/50-J2-55/J2-55-R5-Linearized-Residual-Predicted-Root-Report.md
research/strict/campaigns/J2-55/J2-55-R6-Euclidean-Quotient-Defect-Report.md	strict	J2-55	stage_report	606cecf1e1ecfcee82d8109ced1ac8df22e668538831d7219b53aef64c5b5fd3	historical	strict:archive-by-series/50-J2-55/J2-55-R6-Euclidean-Quotient-Defect-Report.md
research/strict/campaigns/J2-55/J2-55-R7-CarryIndex-QDescent-Report.md	strict	J2-55	stage_report	be8dce3adebf7e039e0d43aa7d7bf86e32abe5632a924969e08df3fe45aaf814	historical	strict:archive-by-series/50-J2-55/J2-55-R7-CarryIndex-QDescent-Report.md
research/strict/campaigns/J2-55/J2-55-R8-Unstable-Decimal-Core-Report.md	strict	J2-55	stage_report	762c1c0501082cb03f33057fbed01cee29e4d2f393508191f07846dcb0bd79e3	historical	strict:archive-by-series/50-J2-55/J2-55-R8-Unstable-Decimal-Core-Report.md
research/strict/campaigns/J2-55/J2-55-R9-Normalized-Tail-Carry-Coupling-Report.md	strict	J2-55	stage_report	f2a982f1e9e6490878f13f88163cbef6d333c69e34b90d3b0e435c73cd845b84	historical	strict:archive-by-series/50-J2-55/J2-55-R9-Normalized-Tail-Carry-Coupling-Report.md
research/strict/campaigns/J2-55/pre-J2-plans-01-10/A1_J2_CQLRC8_Report.md	strict	J2-55	stage_report	7de985443ba2192b488f96048f21d6843df2abd082b0f900dd848bf0dd19ef05	historical	strict:archive-by-series/40-A1-J2-plans-01-10/A1_J2_CQLRC8_Report.md
research/strict/campaigns/J2-55/pre-J2-plans-01-10/A1_J2_CZDR_Report.md	strict	J2-55	stage_report	b7bbd897a56fff7cbb091e0016d5aa11c000bad4c1b4d3ba930f70c01ae6df6c	historical	strict:archive-by-series/40-A1-J2-plans-01-10/A1_J2_CZDR_Report.md
research/strict/campaigns/J2-55/pre-J2-plans-01-10/A1_J2_DCDC5_Report.md	strict	J2-55	stage_report	c50f115640e5be1bbff9cd787410a4ea506402bdf21f38bfc6f5db154e53be2c	historical	strict:archive-by-series/40-A1-J2-plans-01-10/A1_J2_DCDC5_Report.md
research/strict/campaigns/J2-55/pre-J2-plans-01-10/A1_J2_FQTR6_Report.md	strict	J2-55	stage_report	bb6785a30b0f210f693ddc78c8952a8af7ea485e0b27c9d24cacfdc51bc21536	historical	strict:archive-by-series/40-A1-J2-plans-01-10/A1_J2_FQTR6_Report.md
research/strict/campaigns/J2-55/pre-J2-plans-01-10/A1_J2_GRFC9_Report.md	strict	J2-55	stage_report	ea1da922b5708ec8e79ffb4a2fdab1191f2382c2056e1843d33a94f834439b9a	historical	strict:archive-by-series/40-A1-J2-plans-01-10/A1_J2_GRFC9_Report.md
research/strict/campaigns/J2-55/pre-J2-plans-01-10/A1_J2_NRSEC_Report.md	strict	J2-55	stage_report	f5f8ac7dfc396cc0a148ce6f8c3ef3ce066f7596ba9452417d3ded887bb49cd3	historical	strict:archive-by-series/40-A1-J2-plans-01-10/A1_J2_NRSEC_Report.md
research/strict/campaigns/J2-55/pre-J2-plans-01-10/A1_J2_PRCC10_Report.md	strict	J2-55	stage_report	eaf407dc7c821474ca522b588d480fa0c7b7f528e5fae281c88c34b950738d21	historical	strict:archive-by-series/40-A1-J2-plans-01-10/A1_J2_PRCC10_Report.md
research/strict/campaigns/J2-55/pre-J2-plans-01-10/A1_J2_RCRF4_Report.md	strict	J2-55	stage_report	466ee1abafa72fdfd5c2db797ff4df63552b7631df7e727724cf6e04a2471582	historical	strict:archive-by-series/40-A1-J2-plans-01-10/A1_J2_RCRF4_Report.md
research/strict/campaigns/J2-55/pre-J2-plans-01-10/A1_J2_TLRC7_Report.md	strict	J2-55	stage_report	e48026dc246969d3781f315529aad13e151d3d77ec92439e15d6c0603bba4b39	historical	strict:archive-by-series/40-A1-J2-plans-01-10/A1_J2_TLRC7_Report.md
research/strict/campaigns/J2-65/J2-65-R10-Gaussian-Hermitian-Det2-Report.md	strict	J2-65	stage_report	38d8a376e5b0449245d9d45c5bc8bf8d4f394438514ccb65ece8bb3873bc3961	historical	strict:archive-by-series/60-J2-65/J2-65-R10-Gaussian-Hermitian-Det2-Report.md
research/strict/campaigns/J2-65/J2-65-R11-Gaussian-Modular-Reduction-Report.md	strict	J2-65	stage_report	32dcc2b338797a24a2d921912a2a08a430d4443867d45b30cd9e0351aa4632b6	historical	strict:archive-by-series/60-J2-65/J2-65-R11-Gaussian-Modular-Reduction-Report.md
research/strict/campaigns/J2-65/J2-65-R12-Independent-Gate-Reintegration-Report.md	strict	J2-65	stage_report	ea241c94c62e31a4aeac03668c4e41b73e951f7e79d5ed7b8b5150eb3b2fafd8	historical	strict:archive-by-series/60-J2-65/J2-65-R12-Independent-Gate-Reintegration-Report.md
research/strict/campaigns/J2-65/J2-65-R12-IntegralizationTorsor.md	strict	J2-65	stage_report	63eca2c7b8a3118400a95c92147a5f17be5ac14f0d6cd64fbf2af382d441da45	historical	strict:archive-by-series/60-J2-65/J2-65-R12-IntegralizationTorsor.md
research/strict/campaigns/J2-65/J2-65-R13-Radial-Lattice-Ray-Report.md	strict	J2-65	stage_report	c4905474d9b6da38dd0ce68e766853a7b658aebef63be19fdea990674d52bbf7	historical	strict:archive-by-series/60-J2-65/J2-65-R13-Radial-Lattice-Ray-Report.md
research/strict/campaigns/J2-65/J2-65-R14-Adelic-Primitive-Shell-Report.md	strict	J2-65	stage_report	5e516420e1f6b91e8bbed31a24aa2b92adfa43396e8f1dff4717336cfb993812	historical	strict:archive-by-series/60-J2-65/J2-65-R14-Adelic-Primitive-Shell-Report.md
research/strict/campaigns/J2-65/J2-65-R15-Boundary-Defect-Geometry-Report.md	strict	J2-65	stage_report	45e6e31f6bb2dacbaee580b317638aa74671c72549a3fc80fe8e50f996db960e	historical	strict:archive-by-series/60-J2-65/J2-65-R15-Boundary-Defect-Geometry-Report.md
research/strict/campaigns/J2-65/J2-65-R16-Integral-Boundary-Norm-Orbit-Report.md	strict	J2-65	stage_report	f6a23e95d1cd345fab62911643d7aea4048510769142021122191d9e3e6422d9	historical	strict:archive-by-series/60-J2-65/J2-65-R16-Integral-Boundary-Norm-Orbit-Report.md
research/strict/campaigns/J2-65/J2-65-R17-Cyclotomic-Composition-Report.md	strict	J2-65	stage_report	15cf8ba1fc8e8f142a6225c3042d2e87c216f2c7115f8f6ebcc795e4e8d28513	historical	strict:archive-by-series/60-J2-65/J2-65-R17-Cyclotomic-Composition-Report.md
research/strict/campaigns/J2-65/J2-65-R18-Integral-Descent-Commutation-Report.md	strict	J2-65	stage_report	9d6e9984ab4aa9e3ef797d789d3d6f18f743ee85b1c90e88d718823385ea16f0	historical	strict:archive-by-series/60-J2-65/J2-65-R18-Integral-Descent-Commutation-Report.md
research/strict/campaigns/J2-65/J2-65-R19-Finite-Module-Spin-Report.md	strict	J2-65	stage_report	70b48cf8bcbbd7643fc2a56ae967ba775875a132525f619a15cf1eb4ff379ea6	historical	strict:archive-by-series/60-J2-65/J2-65-R19-Finite-Module-Spin-Report.md
research/strict/campaigns/J2-65/J2-65-R1-JParametric-Unimodular-Skeleton-Report.md	strict	J2-65	stage_report	42e7492acbdd2694e8b7af1a4618674c895dee4e5d05c85b189647511c5cb209	historical	strict:archive-by-series/60-J2-65/J2-65-R1-JParametric-Unimodular-Skeleton-Report.md
research/strict/campaigns/J2-65/J2-65-R20-Semantic-Conductor-Ruling-Report.md	strict	J2-65	stage_report	4f7a24d6eefa0e021da2bae7ab1f5aff01eaaad6c3ac09112ce3b603ce51e00d	historical	strict:archive-by-series/60-J2-65/J2-65-R20-Semantic-Conductor-Ruling-Report.md
research/strict/campaigns/J2-65/J2-65-R2-Bivariate-Master-Root-Newton-Report.md	strict	J2-65	stage_report	302f0f1e28afc3624d8e18878a80101fb3e38cfaff481de09a1830e8707d4565	historical	strict:archive-by-series/60-J2-65/J2-65-R2-Bivariate-Master-Root-Newton-Report.md
research/strict/campaigns/J2-65/J2-65-R3-ThreePlace-Tropical-Collision-Report.md	strict	J2-65	stage_report	310fafc0e4adbd6a421dbd8440040ec2783df6050c9dd5845f1a221b997d3600	historical	strict:archive-by-series/60-J2-65/J2-65-R3-ThreePlace-Tropical-Collision-Report.md
research/strict/campaigns/J2-65/J2-65-R4-Additive-Bracket-Complex-Report.md	strict	J2-65	stage_report	cb74faecd92b7ccd199f67fcff3618e8215b165ce4d82bb25b5fca6a7dc98759	historical	strict:archive-by-series/60-J2-65/J2-65-R4-Additive-Bracket-Complex-Report.md
research/strict/campaigns/J2-65/J2-65-R5-Cyclotomic-Reciprocal-Tube-Report.md	strict	J2-65	stage_report	7c2c739201a14b9b3059b3186b2c558edfb54a29c1baf8085c8a2790217ae407	historical	strict:archive-by-series/60-J2-65/J2-65-R5-Cyclotomic-Reciprocal-Tube-Report.md
research/strict/campaigns/J2-65/J2-65-R6-TwoRow-Master-Resultant-Report.md	strict	J2-65	stage_report	cf1e1200a9de55524ed37c9ec643cf5489b6391d26baa082da839743e68c1230	historical	strict:archive-by-series/60-J2-65/J2-65-R6-TwoRow-Master-Resultant-Report.md
research/strict/campaigns/J2-65/J2-65-R7-Veronese-Conic-Pencil-Report.md	strict	J2-65	stage_report	d6b8a087a599b4146f4ec13dc012fd0f9835d104a16def73ff00a34c064b7f44	historical	strict:archive-by-series/60-J2-65/J2-65-R7-Veronese-Conic-Pencil-Report.md
research/strict/campaigns/J2-65/J2-65-R8-Norm-Brauer-Geometry-Report.md	strict	J2-65	stage_report	e876b1bfe288fbff5a21a393a0eecde6738fc3cc8638bd1b9da7fe12613993c3	historical	strict:archive-by-series/60-J2-65/J2-65-R8-Norm-Brauer-Geometry-Report.md
research/strict/campaigns/J2-65/J2-65-R9-Global-Verdict-Report.md	strict	J2-65	stage_report	aa236c4e39b87ad65c1c6562ab3cd671fd2b9beac92a349581270105f226d780	historical	strict:archive-by-series/60-J2-65/J2-65-R9-Global-Verdict-Report.md
research/strict/DD/archive/20-DD-complete/DD-SA_A0-Inert_Coverage_Audit.md	strict	DD	proof_archive	12b74be02e644c0132edc92c3ee388d15208248a65cc7c88ccf53c8221f03fe6	historical	strict:archive-by-series/20-DD-complete/DD-SA_A0-Inert_Coverage_Audit.md
research/strict/DD/archive/20-DD-complete/DD-SA_R11-R20_十轮证明归档.md	strict	DD	proof_archive	16735d463313b4ead2df29ff7d420ebfba0ce5b86ab669d5f04f2fe90e05f3a6	historical	strict:archive-by-series/20-DD-complete/DD-SA_R11-R20_十轮证明归档.md
research/strict/DD/archive/20-DD-complete/DD-SA_R20_residual_tail_D_split_firewall.md	strict	DD	proof_archive	8add9579aeb1f801e87a081ed09f59089042aa751a50ca4c162d433e1f61de20	historical	strict:archive-by-series/20-DD-complete/DD-SA_R20_residual_tail_D_split_firewall.md
research/strict/DD/archive/20-DD-complete/DD-SA_stage_report_R1-R10.md	strict	DD	proof_archive	72f8dcdfe409db54df1245dd4b2d0558f0e7400e344e780b6bcfbb5d7ee8aab7	historical	strict:archive-by-series/20-DD-complete/DD-SA_stage_report_R1-R10.md
research/strict/DD/strict_layer_DD_error_closure_campaign.md	strict	DD	proof_campaign	e286c080f9b4292d95e90fa98ba820f0af047c38990514b1ba61043a52d99c50	current	strict:20-DD/strict_layer_DD_error_closure_campaign.md
research/strict/DD/strict_layer_DD_independence_audit.md	strict	DD	proof_campaign	fa64c7d84f20660113672ebb9a521b2fb50f0c92cce3e446a6f97957457681d1	current	strict:20-DD/strict_layer_DD_independence_audit.md
research/strict/DD/strict_layer_DD_orientation_recovery_campaign.md	strict	DD	proof_campaign	eb3fbc26709ed1fc50a21fc24e73b9041e4be28a4ad5013c9267f602f9bac179	current	strict:20-DD/strict_layer_DD_orientation_recovery_campaign.md
research/strict/DD/strict_layer_DD_oriented_tail_window_campaign.md	strict	DD	proof_campaign	94a1b378f1c411628eaf790759373038138700b0ce0255a20ae1754030232489	current	strict:20-DD/strict_layer_DD_oriented_tail_window_campaign.md
research/strict/DD/strict_layer_DD_post_deflation_campaign.md	strict	DD	proof_campaign	2ad8160f1757b2a4354eae8ec5b3f45ce80d2a552d8c3e72309f00a65b0ec2ba	current	strict:20-DD/strict_layer_DD_post_deflation_campaign.md
research/strict/DD/strict_layer_DD_source_phase_information_audit.md	strict	DD	proof_campaign	7241f6be198977aa474df9eb7939ef0e0b9bbff800edc8f42a1fc2cd3d0ec4d5	current	strict:20-DD/strict_layer_DD_source_phase_information_audit.md
research/strict/DD/strict_layer_DD_supply_phase_synchronization_campaign.md	strict	DD	proof_campaign	6dbd5fdd7224f9d7c9c92e4eb8722a0b6f62191a1f8837cdf1810a0f5cab573f	current	strict:20-DD/strict_layer_DD_supply_phase_synchronization_campaign.md
research/strict/DD/strict_layer_moving_core_square_spacing_campaign.md	strict	DD	proof_campaign	45d1aeaa678f0de9e619e1ead9950bc12892959a72ebfa87bf2c3f3cd5a67242	current	strict:20-DD/strict_layer_moving_core_square_spacing_campaign.md
research/strict/DD/strict_layer_post_DD_consolidation_A1_frontier.md	strict	DD	proof_campaign	243b69d20fc2c0a4059d1da9f82513596e638d1436612452e520b3a56bb620e6	current	strict:20-DD/strict_layer_post_DD_consolidation_A1_frontier.md
research/strict/foundation/archive/10-strict-layer-core/strict_layer_backward_exact_root_pair_fibre_campaign.md	strict	foundation	proof_archive	788f412bd2bd293fa5df4b72afe9e579da866174ac819fdc13d0f7c8657cff9e	historical	strict:archive-by-series/10-strict-layer-core/strict_layer_backward_exact_root_pair_fibre_campaign.md
research/strict/foundation/archive/strict_layer_unified_exact_lift_campaign_initial.md	strict	foundation	proof_archive	f7924acf9aa0bef97026deb55708ccc7c08ca36f0e54d056f8469869a7873dd0	historical	strict:00-foundation/archive/strict_layer_unified_exact_lift_campaign_initial.md
research/strict/foundation/audit_response.md	strict	foundation	foundation_stage	e518ae81d04751dddcc14af232a1ce9f88af4e2dd04947f832b4f6667e7e35f5	current	strict:00-foundation/audit_response.md
research/strict/foundation/exact_lift_research_synthesis_2026-08-10.md	strict	foundation	foundation_stage	165bf9db32d39cf3841de3fec1c0413cd8097701a520cd7fc7b4098ad50748a1	current	strict:00-foundation/exact_lift_research_synthesis_2026-08-10.md
research/strict/foundation/strict_layer_final_campaign.md	strict	foundation	foundation_stage	cd717933898505fdeecc7cd664cb357d63b2cd0eb3db15498831cf50af31d834	current	strict:00-foundation/strict_layer_final_campaign.md
research/strict/foundation/strict_layer_round1.md	strict	foundation	foundation_stage	83a05718618e224c951c3c16493bb5a1ad7f3d6dce2c7a47e30b4c4501e21f17	current	strict:00-foundation/strict_layer_round1.md
research/strict/foundation/strict_layer_unified_exact_lift_campaign.md	strict	foundation	foundation_stage	f0d26023631a72116037e9d12ccd6568a58a831a5672e6329d3128793225594e	current	strict:00-foundation/strict_layer_unified_exact_lift_campaign.md
STATUS.md	global	pass3.5	generated_index	6b42299dc13464e1a9e35ad04e0d33f00b9d9eaebd8f02f6acc96d291ff3c27d	current	generated:pass3.5
