path	bytes	sha256
00-foundation/archive/strict_layer_unified_exact_lift_campaign_initial.md	39433	f7924acf9aa0bef97026deb55708ccc7c08ca36f0e54d056f8469869a7873dd0
00-foundation/audit_response.md	20300	e518ae81d04751dddcc14af232a1ce9f88af4e2dd04947f832b4f6667e7e35f5
00-foundation/current_research_status_v3.md	6098	20099705089442b7cee87e2340ed23fe86d0046f7cca1b53aa94b57fb8e41528
00-foundation/exact_lift_research_synthesis_2026-08-10.md	59774	165bf9db32d39cf3841de3fec1c0413cd8097701a520cd7fc7b4098ad50748a1
00-foundation/proved_results_index_v2.md	9340	a103aa10d65ce6ef326f770f477a59317a7f772f9fc4752c795dea0dd1c66f4f
00-foundation/proved_results_index_v3.md	23566	e2fa484d558e61808118475b6d2572369f066aa96f75c2983df3144c0251161e
00-foundation/proved_results_report_v2.md	42964	68dbd892a59f28c7a86d2d561f3595f8d52d14672ce20359095a9b7689c16929
00-foundation/proved_results_report_v3.md	68146	d37c0d1cc0bff23d43ee5301a04046745ce5e0ee2fb671791868ddcdee5388a6
00-foundation/provenance/MISSING_ARTIFACTS_2026-08-16.md	989	561757e837b359b8ab81f190bfcf2b903edd6366ce885026b07c05fe172e6ac4
00-foundation/strict_layer_final_campaign.md	26807	cd717933898505fdeecc7cd664cb357d63b2cd0eb3db15498831cf50af31d834
00-foundation/strict_layer_round1.md	21324	83a05718618e224c951c3c16493bb5a1ad7f3d6dce2c7a47e30b4c4501e21f17
00-foundation/strict_layer_unified_exact_lift_campaign.md	41636	f0d26023631a72116037e9d12ccd6568a58a831a5672e6329d3128793225594e
10-backward-global/strict_layer_backward_algebraic_denominator_interface.md	39006	c913dc1dbf8dae32c17b2a176a76f9dca1869bd41bd6cba9c60917cd5322650b
10-backward-global/strict_layer_backward_canonical_dependency_skeleton.md	41993	db57e6f9aafefcca8ae3ca9c7cb43517cc601e5d23a4648edf4d8bf7f2345769
10-backward-global/strict_layer_backward_canonical_synchronization_quotient.md	42496	69f5c887331636d0883f1e5b33e4e9082521089c9fd5711a045f5d745f3396ed
10-backward-global/strict_layer_backward_denominator_decimal_interface.md	34399	0158316ac9dde17937aa475b7a6eab28e931eb3d6ac3008238b59f1d2ffae199
10-backward-global/strict_layer_backward_global_obstruction_campaign.md	36688	004ee89165d035d8c7ecbb0207224dca3fa7e6b32471e6dc0399007fe94590ee
10-backward-global/strict_layer_backward_global_witness_gluing_campaign.md	39832	ba5932a58278688a455a090bec1c02db9c8d9bbc92589b8760b97df628b7dbdd
20-DD/strict_layer_DD_error_closure_campaign.md	24527	e286c080f9b4292d95e90fa98ba820f0af047c38990514b1ba61043a52d99c50
20-DD/strict_layer_DD_independence_audit.md	29759	fa64c7d84f20660113672ebb9a521b2fb50f0c92cce3e446a6f97957457681d1
20-DD/strict_layer_DD_orientation_recovery_campaign.md	35493	eb3fbc26709ed1fc50a21fc24e73b9041e4be28a4ad5013c9267f602f9bac179
20-DD/strict_layer_DD_oriented_tail_window_campaign.md	26649	94a1b378f1c411628eaf790759373038138700b0ce0255a20ae1754030232489
20-DD/strict_layer_DD_post_deflation_campaign.md	25548	2ad8160f1757b2a4354eae8ec5b3f45ce80d2a552d8c3e72309f00a65b0ec2ba
20-DD/strict_layer_DD_source_phase_information_audit.md	27170	7241f6be198977aa474df9eb7939ef0e0b9bbff800edc8f42a1fc2cd3d0ec4d5
20-DD/strict_layer_DD_supply_phase_synchronization_campaign.md	32044	6dbd5fdd7224f9d7c9c92e4eb8722a0b6f62191a1f8837cdf1810a0f5cab573f
20-DD/strict_layer_moving_core_square_spacing_campaign.md	32206	45d1aeaa678f0de9e619e1ead9950bc12892959a72ebfa87bf2c3f3cd5a67242
20-DD/strict_layer_post_DD_consolidation_A1_frontier.md	30686	243b69d20fc2c0a4059d1da9f82513596e638d1436612452e520b3a56bb620e6
30-A1-forward/strict_layer_A1_double_euclidean_smith_gcd_terminal_campaign.md	28786	f90ab827fe157876aea20c335a576254cf0c3eb663051c11c1a671c12eeed370
30-A1-forward/strict_layer_A1_double_euclidean_word_smith_terminal_campaign.md	46098	2e72adca88e837afd1f1503daa3135a1ca7393f6717167648d1e034d5cb08d3c
30-A1-forward/strict_layer_A1_exact_mantissa_defect_quotient_campaign.md	41098	f5881416c13195ca1e72862b126c7f87fb92dd2e970fa9803c8548e2c05102dd
30-A1-forward/strict_layer_A1_flat_locus_structural_elimination_campaign.md	34827	870de827e5bdcdf438d82d81da5ab25d42ce271d62c665c59a16a82f28694ca8
30-A1-forward/strict_layer_A1_generic_primitive_defect_synchronization_campaign.md	35520	41d961fa7a243d91b6346c4f8b406922278fddb3d89ebdc36393054ebf9f9f5d
30-A1-forward/strict_layer_A1_iterated_smith_coprime_radial_exclusion_campaign.md	41133	7f8ba8746b3a0f3812401ca7dacb79a91a7ae96708d285a2696822258f893ffd
30-A1-forward/strict_layer_A1_moving_core_decimal_translation_global_campaign.md	41136	71f00a8d8427a0ac753c07f725600e74068c23fe409ba09ad1fa2f851464c37f
30-A1-forward/strict_layer_A1_moving_profile_coprime_integer_scale_campaign.md	40214	07975f7f3d51f5ccfea92b362ef613b9817ad0e6643699a68acc23099a40696d
30-A1-forward/strict_layer_A1_primitive_conic_common_U_digit_window_campaign.md	50919	2d48c2158ab4121b04b0b89bcf481e4f31a70da1759c264fdf78c6e043bc5451
30-A1-forward/strict_layer_A1_smith_reduced_common_U_exclusion_campaign.md	47809	55cbbcc921123c8dd7096c95dd9d7946930f7b96a27bf33c2fe5c74b09c12e00
30-A1-forward/strict_layer_A1_unified_moving_profile_terminal_campaign.md	43647	e9c4542e7ccf3bf168f3a7f2b1d53c93c1530ac98e55a5c5f137afafa2d78b47
40-A1-backward/strict_layer_backward_A1_2x5_decimal_synchronization_campaign.md	33982	a460a1427aa4fad487410f0b81735319eceff1ca87026a5b4161c44f49a047c8
40-A1-backward/strict_layer_backward_A1_5phase_cut_synchronization_campaign.md	38181	34d8764df0d99e505939e9ffd2c4e99e563e2349b8428e91481ff71ff92323b2
40-A1-backward/strict_layer_backward_A1_common_U_pullback_primitive_radial_gluing_campaign.md	48471	b27f0dec82b9ca669e98771335698b602f77d5c437737542bb34b3d60ad1f6e9
40-A1-backward/strict_layer_backward_A1_same_cut_norm_excess_campaign.md	46316	c558bfd531bb0680ed0762d50c18a16ec7f2d7367213ef83935e9d8ce0a62280
40-A1-backward/strict_layer_backward_A1_word_recovery_architecture_campaign.md	54600	d48e4073da7fd65dae0c1828804cbff4717a96081ba126247477bf757a47fc6a
50-state-and-computation/strict_layer_A1_SRCU_state_after_campaign.md	7663	3443b40f4efc15322e221027a34be8103563885d8790830077c1bf1ac46adc0b
50-state-and-computation/strict_layer_A1_exact_word_state_after_double_euclidean_campaign.md	2268	7d9f2a8e35b2615ca83be7cc2acbd31d4f90586b7dd759736f9262ce69401c7c
50-state-and-computation/strict_layer_A1_radial_gate_scan_output.txt	2404	0dc76dfbb197e4e72336334572f04876812cb89d14a1c1de9aa0328cafcea2d1
50-state-and-computation/strict_layer_A1_unified_state_after_long_campaign.md	3599	94cb7334b1625fc8634a388c83e361cd08e10027cb57d6ec256082712f15bbcb
ARCHIVE_INDEX.tsv	91158	055ca6eadfd67246166ca468adb2a3629f98d81e4dcb64de03731084c7cd5b75
EXPORT_NOTES.md	1464	f6e0786b34feb1b5963ff6c75ef2afac08fb98238270e17f9d5dca8f5f0354d2
README.md	2575	7f35061e0fc50fb42e5a0bc7a2b7c5865378d0b232a420ba162bd99f29fdc85a
archive-by-series/10-strict-layer-core/strict_layer_backward_algebraic_denominator_interface.md	39006	c913dc1dbf8dae32c17b2a176a76f9dca1869bd41bd6cba9c60917cd5322650b
archive-by-series/10-strict-layer-core/strict_layer_backward_canonical_dependency_skeleton.md	41993	db57e6f9aafefcca8ae3ca9c7cb43517cc601e5d23a4648edf4d8bf7f2345769
archive-by-series/10-strict-layer-core/strict_layer_backward_canonical_synchronization_quotient.md	42496	69f5c887331636d0883f1e5b33e4e9082521089c9fd5711a045f5d745f3396ed
archive-by-series/10-strict-layer-core/strict_layer_backward_exact_root_pair_fibre_campaign.md	44075	788f412bd2bd293fa5df4b72afe9e579da866174ac819fdc13d0f7c8657cff9e
archive-by-series/10-strict-layer-core/strict_layer_backward_global_obstruction_campaign.md	36688	004ee89165d035d8c7ecbb0207224dca3fa7e6b32471e6dc0399007fe94590ee
archive-by-series/10-strict-layer-core/strict_layer_backward_global_witness_gluing_campaign.md	39832	ba5932a58278688a455a090bec1c02db9c8d9bbc92589b8760b97df628b7dbdd
archive-by-series/10-strict-layer-core/strict_layer_moving_core_square_spacing_campaign.md	32206	45d1aeaa678f0de9e619e1ead9950bc12892959a72ebfa87bf2c3f3cd5a67242
archive-by-series/10-strict-layer-core/strict_layer_post_DD_consolidation_A1_frontier.md	30686	243b69d20fc2c0a4059d1da9f82513596e638d1436612452e520b3a56bb620e6
archive-by-series/10-strict-layer-core/strict_layer_unified_exact_lift_campaign(1).md	41636	f0d26023631a72116037e9d12ccd6568a58a831a5672e6329d3128793225594e
archive-by-series/10-strict-layer-core/strict_layer_unified_exact_lift_campaign.md	39433	f7924acf9aa0bef97026deb55708ccc7c08ca36f0e54d056f8469869a7873dd0
archive-by-series/20-DD-complete/DD-SA_A0-Inert_Coverage_Audit.md	19564	12b74be02e644c0132edc92c3ee388d15208248a65cc7c88ccf53c8221f03fe6
archive-by-series/20-DD-complete/DD-SA_R11-R20_十轮证明归档.md	34618	16735d463313b4ead2df29ff7d420ebfba0ce5b86ab669d5f04f2fe90e05f3a6
archive-by-series/20-DD-complete/DD-SA_R20_residual_tail_D_split_firewall.md	18323	8add9579aeb1f801e87a081ed09f59089042aa751a50ca4c162d433e1f61de20
archive-by-series/20-DD-complete/DD-SA_stage_report_R1-R10.md	35567	72f8dcdfe409db54df1245dd4b2d0558f0e7400e344e780b6bcfbb5d7ee8aab7
archive-by-series/20-DD-complete/strict_layer_DD_error_closure_campaign.md	24527	e286c080f9b4292d95e90fa98ba820f0af047c38990514b1ba61043a52d99c50
archive-by-series/20-DD-complete/strict_layer_DD_independence_audit.md	29759	fa64c7d84f20660113672ebb9a521b2fb50f0c92cce3e446a6f97957457681d1
archive-by-series/20-DD-complete/strict_layer_DD_orientation_recovery_campaign.md	35493	eb3fbc26709ed1fc50a21fc24e73b9041e4be28a4ad5013c9267f602f9bac179
archive-by-series/20-DD-complete/strict_layer_DD_oriented_tail_window_campaign.md	26649	94a1b378f1c411628eaf790759373038138700b0ce0255a20ae1754030232489
archive-by-series/20-DD-complete/strict_layer_DD_post_deflation_campaign.md	25548	2ad8160f1757b2a4354eae8ec5b3f45ce80d2a552d8c3e72309f00a65b0ec2ba
archive-by-series/20-DD-complete/strict_layer_DD_source_phase_information_audit.md	27170	7241f6be198977aa474df9eb7939ef0e0b9bbff800edc8f42a1fc2cd3d0ec4d5
archive-by-series/20-DD-complete/strict_layer_DD_supply_phase_synchronization_campaign.md	32044	6dbd5fdd7224f9d7c9c92e4eb8722a0b6f62191a1f8837cdf1810a0f5cab573f
archive-by-series/30-A1-pre-J2/strict_layer_A1_RU_H_first_candidate_excess_campaign.md	35904	94e78612f54728b65ebb3612b722b21bea43942aa2edc4cfa374b5642e582a4f
archive-by-series/30-A1-pre-J2/strict_layer_A1_SRCU_regression.py	3971	818e045c963b3f6d45e20fbe3d17d427342d01764f3a01c43e7fcd2b58623c9e
archive-by-series/30-A1-pre-J2/strict_layer_A1_SRCU_state_after_campaign.md	7663	3443b40f4efc15322e221027a34be8103563885d8790830077c1bf1ac46adc0b
archive-by-series/30-A1-pre-J2/strict_layer_A1_SRUS_state_after_resonance_transition_campaign.md	2603	47f64f92ec254d305d4f8ce796f0934db36f91c37dbeccb3e16a30f16a074b19
archive-by-series/30-A1-pre-J2/strict_layer_A1_double_euclidean_smith_gcd_terminal_campaign.md	28786	f90ab827fe157876aea20c335a576254cf0c3eb663051c11c1a671c12eeed370
archive-by-series/30-A1-pre-J2/strict_layer_A1_double_euclidean_word_smith_terminal_campaign.md	46098	2e72adca88e837afd1f1503daa3135a1ca7393f6717167648d1e034d5cb08d3c
archive-by-series/30-A1-pre-J2/strict_layer_A1_endpoint_quotient_integer_alignment_campaign.md	34877	32547a6e84ab1fc083c4f2ab08c913bef82850da4daafae4928edb015aaaff49
archive-by-series/30-A1-pre-J2/strict_layer_A1_exact_mantissa_defect_quotient_campaign.md	41098	f5881416c13195ca1e72862b126c7f87fb92dd2e970fa9803c8548e2c05102dd
archive-by-series/30-A1-pre-J2/strict_layer_A1_exact_word_state_after_double_euclidean_campaign.md	2268	7d9f2a8e35b2615ca83be7cc2acbd31d4f90586b7dd759736f9262ce69401c7c
archive-by-series/30-A1-pre-J2/strict_layer_A1_flat_locus_structural_elimination_campaign.md	34827	870de827e5bdcdf438d82d81da5ab25d42ce271d62c665c59a16a82f28694ca8
archive-by-series/30-A1-pre-J2/strict_layer_A1_generic_primitive_defect_synchronization_campaign.md	35520	41d961fa7a243d91b6346c4f8b406922278fddb3d89ebdc36393054ebf9f9f5d
archive-by-series/30-A1-pre-J2/strict_layer_A1_iterated_smith_coprime_radial_exclusion_campaign.md	41133	7f8ba8746b3a0f3812401ca7dacb79a91a7ae96708d285a2696822258f893ffd
archive-by-series/30-A1-pre-J2/strict_layer_A1_moving_core_decimal_translation_global_campaign.md	41136	71f00a8d8427a0ac753c07f725600e74068c23fe409ba09ad1fa2f851464c37f
archive-by-series/30-A1-pre-J2/strict_layer_A1_moving_profile_coprime_integer_scale_campaign.md	40214	07975f7f3d51f5ccfea92b362ef613b9817ad0e6643699a68acc23099a40696d
archive-by-series/30-A1-pre-J2/strict_layer_A1_primitive_conic_common_U_digit_window_campaign.md	50919	2d48c2158ab4121b04b0b89bcf481e4f31a70da1759c264fdf78c6e043bc5451
archive-by-series/30-A1-pre-J2/strict_layer_A1_radial_gate_scan.py	3573	3079cc7e7cb8a646bb2add47579c6146ee9948e75a55c9990963db2dc5f8bd00
archive-by-series/30-A1-pre-J2/strict_layer_A1_radial_gate_scan_output.txt	2404	0dc76dfbb197e4e72336334572f04876812cb89d14a1c1de9aa0328cafcea2d1
archive-by-series/30-A1-pre-J2/strict_layer_A1_resonance_RGCD_overload_extinction_campaign.md	33576	2a1ca0f5e7d394f018d49e22af5c25422ce09f348e3f0ced28d64df5bf1355e0
archive-by-series/30-A1-pre-J2/strict_layer_A1_resonance_state_after_RGCD_campaign.md	3828	441cbc6c0f9abf5b15e946a500f85ffbb3b61257e89d341e8cb0171bf02b234e
archive-by-series/30-A1-pre-J2/strict_layer_A1_resonant_transition_reduced_fraction_unit_exclusion_campaign.md	37098	c988d48b69dc213f6bb92565d1bb8788dc5e1ff201cfc81518411bac24d9d201
archive-by-series/30-A1-pre-J2/strict_layer_A1_smith_reduced_common_U_exclusion_campaign.md	47809	55cbbcc921123c8dd7096c95dd9d7946930f7b96a27bf33c2fe5c74b09c12e00
archive-by-series/30-A1-pre-J2/strict_layer_A1_unified_moving_profile_terminal_campaign.md	43647	e9c4542e7ccf3bf168f3a7f2b1d53c93c1530ac98e55a5c5f137afafa2d78b47
archive-by-series/30-A1-pre-J2/strict_layer_A1_unified_state_after_long_campaign.md	3599	94cb7334b1625fc8634a388c83e361cd08e10027cb57d6ec256082712f15bbcb
archive-by-series/30-A1-pre-J2/strict_layer_A1_unified_terminal_checks.py	3984	55466467baf584d69db12b01b545dfd26a4c1f562fc400cf85b1e971d61113af
archive-by-series/30-A1-pre-J2/strict_layer_backward_A1_2x5_decimal_synchronization_campaign.md	33982	a460a1427aa4fad487410f0b81735319eceff1ca87026a5b4161c44f49a047c8
archive-by-series/30-A1-pre-J2/strict_layer_backward_A1_5phase_cut_synchronization_campaign.md	38181	34d8764df0d99e505939e9ffd2c4e99e563e2349b8428e91481ff71ff92323b2
archive-by-series/30-A1-pre-J2/strict_layer_backward_A1_common_U_pullback_primitive_radial_gluing_campaign.md	48471	b27f0dec82b9ca669e98771335698b602f77d5c437737542bb34b3d60ad1f6e9
archive-by-series/30-A1-pre-J2/strict_layer_backward_A1_same_cut_norm_excess_campaign.md	46316	c558bfd531bb0680ed0762d50c18a16ec7f2d7367213ef83935e9d8ce0a62280
archive-by-series/30-A1-pre-J2/strict_layer_backward_A1_word_recovery_architecture_campaign.md	54600	d48e4073da7fd65dae0c1828804cbff4717a96081ba126247477bf757a47fc6a
archive-by-series/40-A1-J2-plans-01-10/A1_J2_CQLRC8_Report.md	33907	7de985443ba2192b488f96048f21d6843df2abd082b0f900dd848bf0dd19ef05
archive-by-series/40-A1-J2-plans-01-10/A1_J2_CQLRC8_certificate.txt	4771	d05b6f37e744db9b528fd0f747a7beb393f77d8b44ca7a74d8a30f264dd6e410
archive-by-series/40-A1-J2-plans-01-10/A1_J2_CQLRC8_quotient.py	4192	b593d4b7c56b8cb526e6b6c68f105103ce821f4d8b385927816d98944bffdd21
archive-by-series/40-A1-J2-plans-01-10/A1_J2_CQLRC8_root.py	5359	928eb59ea560609edb56a005bfb3e160c56fe2df9dd8366aa6f5a6f00d48b10a
archive-by-series/40-A1-J2-plans-01-10/A1_J2_CQLRC8_search.py	5587	a7bd71000cbf7301463c1cb0f212c413a99b32101244c155b7c3e7606e4b0a7b
archive-by-series/40-A1-J2-plans-01-10/A1_J2_CQLRC8_search_certificate.txt	1011	e02dac52183e75b997194ca24fee1e4d3f276454c89bc76984776feff20c854e
archive-by-series/40-A1-J2-plans-01-10/A1_J2_CZDR_Report.md	31211	b7bbd897a56fff7cbb091e0016d5aa11c000bad4c1b4d3ba930f70c01ae6df6c
archive-by-series/40-A1-J2-plans-01-10/A1_J2_CZDR_certificate.txt	6352	e70f0a7fbb2ea5403900a030b34b0ea760563e20bf08ab5d96f51fd6aaf19ec7
archive-by-series/40-A1-J2-plans-01-10/A1_J2_CZDR_search.py	7917	92c89122a79bcf47c1f3a8820b0de1cbaafd0e9a43e9ecede7586f229df604b6
archive-by-series/40-A1-J2-plans-01-10/A1_J2_DCDC5_Report.md	16428	c50f115640e5be1bbff9cd787410a4ea506402bdf21f38bfc6f5db154e53be2c
archive-by-series/40-A1-J2-plans-01-10/A1_J2_DCDC5_certificate.txt	5649	e0dba95f28010c8b625486b98abc3f1a5ca693b4bfa0873c10305d6a59913008
archive-by-series/40-A1-J2-plans-01-10/A1_J2_DCDC5_search.py	29079	b76c034c8ea7d3c9376b4a428f2e18994c76103674e4e7b1a2b51df66dc0a727
archive-by-series/40-A1-J2-plans-01-10/A1_J2_FQTR6_L5_certificate.txt	390	37e6645766c6c64a7c2f5b3df54413957be8b4e037e5e1cd9dffe429b0506a90
archive-by-series/40-A1-J2-plans-01-10/A1_J2_FQTR6_Report.md	22605	bb6785a30b0f210f693ddc78c8952a8af7ea485e0b27c9d24cacfdc51bc21536
archive-by-series/40-A1-J2-plans-01-10/A1_J2_FQTR6_certificate.txt	2462	024b4fd5163b28773c7267ff8153a093785f9205beb7ebf8abf4ea5de5ea76d0
archive-by-series/40-A1-J2-plans-01-10/A1_J2_FQTR6_search.py	9600	a5703d915821b5b283d92f36922f07020221c80d30ef15ff88bfa4a0d26259f8
archive-by-series/40-A1-J2-plans-01-10/A1_J2_FQTR6_symbolic.py	3104	bc9ed9a8c3e0a58965dd7fef599363ac4021ce497847808f288eee0522a48811
archive-by-series/40-A1-J2-plans-01-10/A1_J2_GRFC9_Report.md	24499	ea1da922b5708ec8e79ffb4a2fdab1191f2382c2056e1843d33a94f834439b9a
archive-by-series/40-A1-J2-plans-01-10/A1_J2_GRFC9_certificate.txt	3363	ca624a46dc0898472e3b2177661b6b5f3806e15aa86d6d5ef961fd730acee54f
archive-by-series/40-A1-J2-plans-01-10/A1_J2_GRFC9_dependency.py	2722	f8e0a08c70b0ce37c8ae594e3d14cd924e14f0147a69378ebb2625c54895d542
archive-by-series/40-A1-J2-plans-01-10/A1_J2_GRFC9_equivalence_certificate.txt	3694	2d945160dae2d296764f933d6155d5b940a729d18e7a4edaa5350155cc6bf421
archive-by-series/40-A1-J2-plans-01-10/A1_J2_GRFC9_factor.py	4207	ef2642c83a579ea59564be3280a24da341f29826b7c7baf9b2ee78367f0597e6
archive-by-series/40-A1-J2-plans-01-10/A1_J2_GRFC9_search.py	6164	a33b342b594aac2dcbb95f71a0a4cee09d56a80c446776a60ca54e6d756e7487
archive-by-series/40-A1-J2-plans-01-10/A1_J2_L2_certificate.txt	1075	88f5201a68e41925a36da94aa05f29325d72f7c7400bd6c7bcdc0af92bbaf4ed
archive-by-series/40-A1-J2-plans-01-10/A1_J2_NRSEC_Report.md	25946	f5f8ac7dfc396cc0a148ce6f8c3ef3ce066f7596ba9452417d3ded887bb49cd3
archive-by-series/40-A1-J2-plans-01-10/A1_J2_NRSEC_certificate.txt	18126	fa501f870f51efd21b5ac0501288bccd17482166a28e6ec52ffa7b176c1d18e5
archive-by-series/40-A1-J2-plans-01-10/A1_J2_NRSEC_search.py	12592	1bf1f1ce0751e092216aa1a3490970225e51cbe54b036909c989dd9ebee9edde
archive-by-series/40-A1-J2-plans-01-10/A1_J2_PRCC10_Aroot.py	5711	a483c100255e01b95fc4bd6fed56eea024a47ac95f3970d1a626f6ac6d391bde
archive-by-series/40-A1-J2-plans-01-10/A1_J2_PRCC10_CRT.py	2607	b870cc7e7c6ca589eb27e04adc22c9e9abaa22552421b25886608b111fb0c240
archive-by-series/40-A1-J2-plans-01-10/A1_J2_PRCC10_Report.md	25658	eaf407dc7c821474ca522b588d480fa0c7b7f528e5fae281c88c34b950738d21
archive-by-series/40-A1-J2-plans-01-10/A1_J2_PRCC10_certificate.txt	6260	8bda2ae4e576d05feb2afc87f77b4d5dbad8fa5f4afd42f2ef6fa75d0cdf1cbf
archive-by-series/40-A1-J2-plans-01-10/A1_J2_PRCC10_dependency.py	3008	2f84b657c55150eca9d6dde4c192e2063dbe41af04d96156c49251ae01239574
archive-by-series/40-A1-J2-plans-01-10/A1_J2_PRCC10_dependency_certificate.txt	1391	3a4fbd37eb0d182b6eb4d38ac55e2ac90512586405e7deee6fdf59c81a8aa0ea
archive-by-series/40-A1-J2-plans-01-10/A1_J2_PRCC10_search.py	9691	f62a34f19bd2c65c7d8b9195966f1badc95dbcffb86e4cf521cdc5bf884e8d81
archive-by-series/40-A1-J2-plans-01-10/A1_J2_PRCC10_search_certificate.txt	1808	f21cd025d75ea5e5a32a94e3b300020df4bad6fab4094dd97b0b37d3f95a59a9
archive-by-series/40-A1-J2-plans-01-10/A1_J2_RCRF4_Report.md	27764	466ee1abafa72fdfd5c2db797ff4df63552b7631df7e727724cf6e04a2471582
archive-by-series/40-A1-J2-plans-01-10/A1_J2_RCRF4_certificate.txt	3961	08bf3f1c98200812370f359ce2a7f0c0d2b1c4f28ee4b225ffa72aa530575b76
archive-by-series/40-A1-J2-plans-01-10/A1_J2_RCRF4_search.py	14360	37d02e1968fe08de1d7e81a7f07ae488039fe2ebbbd987ae37fcb17c0a381bfb
archive-by-series/40-A1-J2-plans-01-10/A1_J2_TLRC7_Report.md	28516	e48026dc246969d3781f315529aad13e151d3d77ec92439e15d6c0603bba4b39
archive-by-series/40-A1-J2-plans-01-10/A1_J2_TLRC7_certificate.txt	2150	4863e0c849df6e653cf54c4ce4f12ed97a09021fc153eb202cce778dca0cccb0
archive-by-series/40-A1-J2-plans-01-10/A1_J2_TLRC7_local.py	5214	89c0ee2473d7182ae13a42b11d789d82ae76a927c6f3686b4dff82442275142f
archive-by-series/40-A1-J2-plans-01-10/A1_J2_TLRC7_search.py	8367	44bb50440ced8c231eb5e4b1d08f2507e622e48bda15b372950f8be50052d0a8
archive-by-series/40-A1-J2-plans-01-10/A1_J2_TLRC7_search_certificate.txt	1963	0850eb39e3fb6dfbc5a7a8e80adb169b055b856f08861421c25860a5ea40c6e2
archive-by-series/40-A1-J2-plans-01-10/A1_J2_TLRC7_symbolic.py	4285	d9bda168828e273969c504b84fb57bc710435bfdf8db05b626bf10370d93dceb
archive-by-series/50-J2-55/J2-55-R1-A-Root-Lift-Report.md	32509	ee074c4b046f3045da36a177922855485e8bf974c325f024ae09124d41d1539d
archive-by-series/50-J2-55/J2-55-R1-A-Root-Lift-SHA256.txt	329	8ebf03b11e367ca066fd027c3871be27ba4ceebeb82e44cdad1a11360a42c0b9
archive-by-series/50-J2-55/J2-55-R1-A-Root-Lift-certificate.txt	325	92e84769c278463989ada6a354bb70b91e3151aec94acdbf55692fce5e9af3e3
archive-by-series/50-J2-55/J2-55-R1-A-Root-Lift-symbolic.py	2221	5373d3e116d27c2f518c2e9a39fa12e55fb154faf7a7a8be1f42ed54154cd709
archive-by-series/50-J2-55/J2-55-R10-HenselEdge.py	2210	f6774b4f3f08e20716d3a724bb5a0ce85f17c6ed005edc5c0d4aea32d4f95ddf
archive-by-series/50-J2-55/J2-55-R10-Tail-Reintegration-Third-Residual-Report.md	21402	62f6320d214c70c565855f41f52f7fd6095a3dae2925ddea3a279263d629c1e5
archive-by-series/50-J2-55/J2-55-R10-TailReintegration-symbolic.py	12591	22a2be29742fe2bff8c67d16f105c8cd46b5b873bcdb9f40bd81f0c0e436b465
archive-by-series/50-J2-55/J2-55-R10-ThirdCore-height.py	2716	dea84c68c5255691f31744d3bcf5c8adf516c17186ebcc694a6d7be09dbddb0c
archive-by-series/50-J2-55/J2-55-R10-ThirdResidual-search.py	7999	fa18bf4f3ff301baa51e9c16d468644ada1bf45f0f17882b327311f612b853ac
archive-by-series/50-J2-55/J2-55-R10-certificate.txt	3848	8b08b237d4bf678fd0029232e70dea32916bae677faf624f8dbb6fbb50c99147
archive-by-series/50-J2-55/J2-55-R10-lowk-closure.py	3808	4cbfbc7f4c9828dab1b264281a8fb2c463614ee61690315986c37951f95dd01a
archive-by-series/50-J2-55/J2-55-R10-q1-reverse-closure.py	3339	f16469b85e60b3253fdeefd015d0dd84f2cbd17ef30675caf4fd2bfbb4304f41
archive-by-series/50-J2-55/J2-55-R10-q1-root-conic.txt	1415	a287976cb8b2d28d5e0fe2e7d8c8099911c6bdd5fce47ff518e5c2c6d4530c0d
archive-by-series/50-J2-55/J2-55-R11-ConstantTerm-symbolic.py	9369	e1fd5518ad405491185df88b1ebc17d12894b2254c5f14940bee49d40fed9fe3
archive-by-series/50-J2-55/J2-55-R11-Deterministic-u-Decimal-Cofactor-Report.md	24434	3862b9d8d72830de4875e80ec195c02c8fbbf5efdde035fc966e034343d2a791
archive-by-series/50-J2-55/J2-55-R11-GConstant-search.py	2517	cdc46a540f6ecd8f5be397585bd31fc48f0a9ccb5b2f62a4bb9f30b6f34f6309
archive-by-series/50-J2-55/J2-55-R11-HenselCyclotomic.py	2179	3291c276ea91e273aa9f635272f8fbf7d37690d7a9b691cff52eacad0544f161
archive-by-series/50-J2-55/J2-55-R11-ReverseRDescent.py	3666	2df6f59df547bbbf2f7a493b466bd9a267eb3582e0f5b13f5a1787185721966a
archive-by-series/50-J2-55/J2-55-R11-SHA256SUMS.txt	1371	d1ad1b4dcc534f276b7fac00a656f8390eef3b042cdea106ec22ced4aa63c0f5
archive-by-series/50-J2-55/J2-55-R11-certificate.txt	2104	e980c217ed8dfd60f0036582af2dcf50fd236b40999eba523cb2a304e7262837
archive-by-series/50-J2-55/J2-55-R11-execution.log	4676	862dad3ed71594b7bac2836c96fc3b691b0b63bec11b846c18bb180cdafa86d1
archive-by-series/50-J2-55/J2-55-R11-q1-PrimitiveConic.py	5766	9d2e299e7520db648e945c0a37f3131e615588f2cb74236be7670e1ea12692f2
archive-by-series/50-J2-55/J2-55-R11-q1-norm.txt	1186	08498ee05438dd7f32627fa9abeeca655af77d926e40472ebc8c35da3151b820
archive-by-series/50-J2-55/J2-55-R12-Carry-Saturated-Root-Gaussian-Report.md	28848	03e0f3a1b4f763d6cfec6ef10f25dddad5e743de2b3a80c6acae672780dae7e5
archive-by-series/50-J2-55/J2-55-R12-Dependency-certificate.txt	3338	3d20347b02e3dbee9bba04676c7088f298abc7c2b724004c1c5bf7b5898f7a4f
archive-by-series/50-J2-55/J2-55-R12-HenselRootSplice.py	1928	b70a7aadb9883a968d205efada57f3767e2112f73b374c23d3de794ffa5e0381
archive-by-series/50-J2-55/J2-55-R12-PowerTenRoot.py	2052	813fd06d02a20949f0586f427b7df09aafbb575f0703f94be87fb01f95680697
archive-by-series/50-J2-55/J2-55-R12-PrimitiveSupport.py	2004	6c5250ba665c2cf297a90d82e146fc9e7a0e8332adb7dc031b44a5ef35b55ded
archive-by-series/50-J2-55/J2-55-R12-ReverseRootPolynomial.py	4531	770f16f70f52ae349dbd1acbb8b369ddc4be7eb70eab9f45faa0a88d3667d250
archive-by-series/50-J2-55/J2-55-R12-RootSaturation-full-derivation.py	9288	6371d3d74e9acf843f5256d13f362469a7f9e7cfec22cb70c99051e5bbdf4965
archive-by-series/50-J2-55/J2-55-R12-RootSaturation-symbolic.py	31517	ef38bd6d76230f7d09d4c4d29af0829f20944c95b4fbe96b2d6339098f86ecb6
archive-by-series/50-J2-55/J2-55-R12-artifacts.zip	184881	b883a1e550ed0bef8c0af4d1893dd1a51218df63fc031a7e57f940ee1b3e272c
archive-by-series/50-J2-55/J2-55-R12-certificate.txt	1588	3975b7542c611e0a17690f42fbbff41c9c3ee45ee0a0e225b52b39efc502aca9
archive-by-series/50-J2-55/J2-55-R12-execution.log	8921	98f59bffd9823e6e2ef4dc1dd3592d923bc0c568038b9452c33d3c8e4096155e
archive-by-series/50-J2-55/J2-55-R12-q1-GaussianSupport.py	6797	e9a8e30072abd9582d7c5a2165269507934d6a03ecd019ec139ed3c447717c95
archive-by-series/50-J2-55/J2-55-R13-GammaValuation.py	923	d7bf8ed4a516df9f307bcfa0a3d41244dc58b827d4bbc67cd080b5b0743873b4
archive-by-series/50-J2-55/J2-55-R13-Independent-Root-Coefficient-Gaussian-Report.md	14776	74b49876e3055be415a015bb11cb95970b5af0a3ed48c7e4713de41254cfbe36
archive-by-series/50-J2-55/J2-55-R13-NewtonRoot.py	944	07677d0f169dec4c3b55af9b5f54262e5e04c1089a05fa5ac8728197484368d0
archive-by-series/50-J2-55/J2-55-R13-RootCoefficient-symbolic.py	3229	ee4bd041d4d15b05b0ce35324ca32ef707a9061d804ae7687cba501cb67341f9
archive-by-series/50-J2-55/J2-55-R13-artifacts.zip	23925	f20b0ae2632c59aec80a7195afbe14ef5ca00fdf9f8a82d8610598453795784d
archive-by-series/50-J2-55/J2-55-R13-certificate.txt	1382	9d8de6974d5028f8d4d65435544625766b7fc6356852ae727bca4d92389fb3d9
archive-by-series/50-J2-55/J2-55-R13-q1-GaussianRadical.py	2457	2c0774347766b8c39b5b1a1a2e2808347587e578bbdab74557e2991be91ada11
archive-by-series/50-J2-55/J2-55-R14-Carry-NextBit-Gaussian-SecondLift-Report.md	16907	d192ff185f59e5e71c8b669cf709f382eeed676d752d80cc280765f7debb0831
archive-by-series/50-J2-55/J2-55-R14-FrozenRootPolynomials.py	32839	b11df1bec91f0aa012f55d1b47b0a739723fb54af58f67d0b09c08ae7bb10c97
archive-by-series/50-J2-55/J2-55-R14-GammaNextBit.py	5818	15a5b95337aa291362854e9446a9bdbcf856bf2f66b9c97d44b0c310b8d6d3d0
archive-by-series/50-J2-55/J2-55-R14-ReverseBitClosure.py	4245	66282a3f6f61375e42f105741b109b1fd039a440b151d8b20663a2e77a5d72af
archive-by-series/50-J2-55/J2-55-R14-certificate.txt	8247	4785c2d2e099bf229f0426157f55bf7e1cc3045a6ed826157da00ba05013aa26
archive-by-series/50-J2-55/J2-55-R14-q1-NegativeBranch.py	4101	a851f58d0df318deab6dce34bc09bbfd6662ad3b5b6f95f02c43f66c4669e497
archive-by-series/50-J2-55/J2-55-R14-q1-SecondSupportLift.py	2265	8f794f59cce6557cbde5cb5719eb1a3684dba627654ad035abc315a8701ff4c7
archive-by-series/50-J2-55/J2-55-R15-Spliced-Factor-2Adic-NegativeConic-Report.md	16693	25fddcf907ff749ae1754fd7f389b69268deed2c0bb963a26a79245bd39346ab
archive-by-series/50-J2-55/J2-55-R15-artifacts.zip	27461	17cecd855f00a14fef44470786890ed6386a64e88465068e0f005c1b4c81aa98
archive-by-series/50-J2-55/J2-55-R15-certificate.txt	6627	a69d678926393c651dae11866c4205a1e208ed5966e4957a9f3a8d356301f7aa
archive-by-series/50-J2-55/J2-55-R2-USquare-Carry-Collision-Report.md	26030	6daacae44318f0eddf99901a1c858e3f98a2ff8a6fb9400f408e2ce6509ca8b9
archive-by-series/50-J2-55/J2-55-R2-USquare-certificate.txt	2664	567994a09a3aa884e0d7d95b2c9f0effe2517b24efb20586e229cc92574fcb01
archive-by-series/50-J2-55/J2-55-R2-USquare-search-certificate.txt	34872	35dd0e3f862ecb912a1d14e7645a23e11dd74f1954df5db2ab04e8ccc154f3a0
archive-by-series/50-J2-55/J2-55-R2-USquare-search.py	13306	120e85789cbbb8c27d1bb36592b546ec4720a50aaa4f7d5283811a0c561ea648
archive-by-series/50-J2-55/J2-55-R2-USquare-symbolic.py	5391	7a0365901ae2ef138c4ebbfb2449830bd34d4edf4c35989b68bb449dec1190f0
archive-by-series/50-J2-55/J2-55-R3-Decimal-Residual-Collision-Report.md	23637	dc2ad35fe1635d7ce92d6fc177e2a32eba08cf60cfe9881db3c5b3336154d6cd
archive-by-series/50-J2-55/J2-55-R3-DecimalResidual-certificate.txt	3220	7773026f10164d220c50371ce21ebbb25e3a95971bf68dd342e7249e41c26c4c
archive-by-series/50-J2-55/J2-55-R3-DecimalResidual-search-certificate.txt	2717	4bc0247dfe3484579880efd92b9a91a017f1ca6a001af1521ef48fcfa975ee71
archive-by-series/50-J2-55/J2-55-R3-DecimalResidual-search.py	15026	f00e72b68b5e4f0cec5b8be47442833e2a3028a7c1bd5744bd9adc3a1eb49eca
archive-by-series/50-J2-55/J2-55-R3-DecimalResidual-symbolic.py	3708	a8f9c0ff8b09563e21fd2c19f8ac9704beefcf767957772819cf36ecedb8b705
archive-by-series/50-J2-55/J2-55-R4-Complementary-Factor-Euclidean-Report.md	30057	d5802b71a4d5a61ff35f491813bafd1e0effb08a85095401ce5b983503f16779
archive-by-series/50-J2-55/J2-55-R4-EuclideanDefect-certificate.txt	2530	97d51fc88ceda6b845a9798f5f691f5dd63d67fede504fbffa42dee3a3baba77
archive-by-series/50-J2-55/J2-55-R4-EuclideanDefect-search-certificate.txt	3162	d4ec6802160462db3c083d6bf703944e47974127acc2576d8257aa8af05f2044
archive-by-series/50-J2-55/J2-55-R4-EuclideanDefect-search.py	13091	6fabcc3ca17c72200eabe12f200dd5c2f66ccb8a2e45f0399376fb1920b93bf7
archive-by-series/50-J2-55/J2-55-R4-EuclideanDefect-symbolic.py	3314	4aa388cb862a4fded76b3e55e0e2b5798ad9618c3f8fb364cdd7bcd15bd93518
archive-by-series/50-J2-55/J2-55-R4-SHA256.txt	582	e3fc95fc0d663ff78b342110550f9b1cb5d8162acb723544ef48138d4ad4063e
archive-by-series/50-J2-55/J2-55-R5-Linearized-Residual-Predicted-Root-Report.md	24041	076ddff9262835b3bca80ccdb329525acd42a81243f222d10ef480694a11a582
archive-by-series/50-J2-55/J2-55-R5-LinearizedResidual-certificate.txt	6295	06be29232a4a297b9a27e3780c421c0ea3f70a6483839d23b4cca3baf29c2377
archive-by-series/50-J2-55/J2-55-R5-LinearizedResidual-search-certificate.txt	2415	7eabf7479c80455dbb8065c75b753bd642a29ed27e1803b22811433207ff67b2
archive-by-series/50-J2-55/J2-55-R5-LinearizedResidual-search.py	16627	155c1db8e3254e5c48f164b84a0ff8d9a88fea72f06e4573b1cbe969ce2eefe7
archive-by-series/50-J2-55/J2-55-R5-LinearizedResidual-symbolic.py	5335	241615e93bb6d25f23391869ba7d43bb39c18daaeb9ed286d8651f09af361b26
archive-by-series/50-J2-55/J2-55-R6-DefectResidue-search.py	9121	ba439ac635b413791b08ee29bf96777883b6a034cc66dc1bee2b2782d3e71869
archive-by-series/50-J2-55/J2-55-R6-Euclidean-Quotient-Defect-Report.md	24328	606cecf1e1ecfcee82d8109ced1ac8df22e668538831d7219b53aef64c5b5fd3
archive-by-series/50-J2-55/J2-55-R6-EuclideanQuotient-symbolic.py	4643	10343d71a75c6b10320a501715dcedf3476c61621ea489b6b6e382f64c00b94a
archive-by-series/50-J2-55/J2-55-R6-QuotientLift.py	2217	cd1d5da0365d4a6995722b46a05e5212fc522ca18ab51b49bb2453b46d28590d
archive-by-series/50-J2-55/J2-55-R6-certificate.txt	3964	8ce1aab6027e2a176a5b47e510813cc8422ee69cf86cb96370748351305ddea4
archive-by-series/50-J2-55/J2-55-R6-lowk-types.py	1558	cbc471ca3f2a25ad56fb0b389152e0a6a7107e685e79215b1abd3a1b19f00fdb
archive-by-series/50-J2-55/J2-55-R7-CarryIndex-QDescent-Report.md	24413	be8dce3adebf7e039e0d43aa7d7bf86e32abe5632a924969e08df3fe45aaf814
archive-by-series/50-J2-55/J2-55-R7-CarryIndex-symbolic.py	10511	3c01eb5fa684e52b9ca09738ef4296c291fb75e70d4fd61a998099685833e532
archive-by-series/50-J2-55/J2-55-R7-QDescent-search.py	6748	aa81249220a47f5b110c67f0bae308427e95bb9d70ccde22a6ea196fed9277ce
archive-by-series/50-J2-55/J2-55-R7-certificate.txt	1971	9db458cc0e529d3506b0e718a474212a61d416bdf91d112a3aeb042b2ba81ded
archive-by-series/50-J2-55/J2-55-R7-lowk-descent.py	1944	d82e4ac320e4b3045fba9336e453bf2591e13b652e41f21d2a21ca5b9525140a
archive-by-series/50-J2-55/J2-55-R8-DecimalCore-symbolic.py	6637	0148e92990dedb274080a7784c95fe5395f9a336fe5a1b0ff2527095248f796d
archive-by-series/50-J2-55/J2-55-R8-Unstable-Decimal-Core-Report.md	22320	762c1c0501082cb03f33057fbed01cee29e4d2f393508191f07846dcb0bd79e3
archive-by-series/50-J2-55/J2-55-R8-UnstableResidual-search.py	6864	a42f90106c1c49d8e82853ff2d21d3764b1aa9c9a962dbd13af8c9e3151c6e3b
archive-by-series/50-J2-55/J2-55-R8-certificate.txt	1624	b967f5d43ad59d2c59044af2e176858931ebc1d8f7d3a7370d9dba5f1ba075b9
archive-by-series/50-J2-55/J2-55-R8-lowk-DTF.py	2532	7c8c8465776f4767c6012f7203b97d58f5e0e070c58750386f9ae8741079e85c
archive-by-series/50-J2-55/J2-55-R8-q1-boundary.py	5854	707341960dd70155db71ccd2af20ea21d29227f400a1cb24c4e18c6543e7dce5
archive-by-series/50-J2-55/J2-55-R9-Normalized-Tail-Carry-Coupling-Report.md	31265	f2a982f1e9e6490878f13f88163cbef6d333c69e34b90d3b0e435c73cd845b84
archive-by-series/50-J2-55/J2-55-R9-NormalizedCoupling-search.py	8400	8c51d4a1ee05c0446061ff51a10fc82a6e8111e60625fb2bef82156325418e66
archive-by-series/50-J2-55/J2-55-R9-NormalizedCoupling-symbolic.py	5997	bfbeb9782fcecf05f2b9be66601dc85922e4aa76ff34b132c2ddc49147431d66
archive-by-series/50-J2-55/J2-55-R9-ReverseResidue-audit.py	3500	16d3025ebebbd917bd8f75d61a29cad07af71fb558220f5e22c31d2df5b91193
archive-by-series/50-J2-55/J2-55-R9-certificate.txt	2619	3821fe3c718dc6e0002721f3101e4a1d5a59306da81a4d11e61abf1ab2bd5b3f
archive-by-series/50-J2-55/J2-55-R9-lowk-normalized.py	1991	3c4f85d422788cba8a2ab7ab602a9ad2042aab5229a28482ff97962310684bfa
archive-by-series/50-J2-55/J2-55-R9-q1-reverse.py	3949	ec5643c0916e8379701934460783d37eecaf69695743648e9e3c1a792f0d3688
archive-by-series/60-J2-65/J2-65-R1-DependencyDAG.py	6214	63a2c781ed76acbc68392b4f3bbc2be1b84e633d33b9b73b9c37a62326149c8d
archive-by-series/60-J2-65/J2-65-R1-JParametric-Unimodular-Skeleton-Report.md	25080	42e7492acbdd2694e8b7af1a4618674c895dee4e5d05c85b189647511c5cb209
archive-by-series/60-J2-65/J2-65-R1-UnimodularSkeleton-symbolic.py	3424	1f271df2d3bf1ccda5515142aed83d48294f6549fc594a6e1eb81d9eec82549f
archive-by-series/60-J2-65/J2-65-R1-certificate.txt	2067	d83f463e481d9075e43a59cc7e8107784fb52ded7beec555b8839e7e8d9aadd3
archive-by-series/60-J2-65/J2-65-R1-execution.log	1554	46929e641e9155ac2f71df05c2e8ffafd2580e33d784dc19ae79d81bbb6dcc4b
archive-by-series/60-J2-65/J2-65-R10-Gaussian-Hermitian-Det2-Report.md	17011	38d8a376e5b0449245d9d45c5bc8bf8d4f394438514ccb65ece8bb3873bc3961
archive-by-series/60-J2-65/J2-65-R10-artifacts.zip	20027	83aa549e48e4e9b55325793dc711c1fd8ac21b2adaa3f6ae16dc02e03b7cb44f
archive-by-series/60-J2-65/J2-65-R10-certificate.txt	1670	46c5d13b08988d1c4617d31919eda9fa61b75de82074a3be375119832a3348b9
archive-by-series/60-J2-65/J2-65-R10-execution.log	6470	a905d5148209339c65181a1eef1372c828c68787d38f6838cc718a6e8d113510
archive-by-series/60-J2-65/J2-65-R11-Gaussian-Modular-Reduction-Report.md	19437	32dcc2b338797a24a2d921912a2a08a430d4443867d45b30cd9e0351aa4632b6
archive-by-series/60-J2-65/J2-65-R11-artifacts.zip	19271	7f05aa231057f2304e5aca10e8135352ba2148d2a5177afee5b92687b353328b
archive-by-series/60-J2-65/J2-65-R11-certificate.txt	2050	5728b5e55aec17dc05e9031b9e13ba80de5d22824b5462f1be2df9e31ec658c2
archive-by-series/60-J2-65/J2-65-R11-execution.log	5743	efaf495a286c24391cca2e9adfbe12a2339c8c7482cd5fd9822797e8949c1e03
archive-by-series/60-J2-65/J2-65-R12-BrauerWitness.py	1056	6584f493fce7af4d3e25a8ceb515acae5bbaa72b28942c1c0693b956b2f4645d
archive-by-series/60-J2-65/J2-65-R12-Independent-Gate-Reintegration-Report.md	16096	ea241c94c62e31a4aeac03668c4e41b73e951f7e79d5ed7b8b5150eb3b2fafd8
archive-by-series/60-J2-65/J2-65-R12-IntegralizationTorsor.md	775	63eca2c7b8a3118400a95c92147a5f17be5ac14f0d6cd64fbf2af382d441da45
archive-by-series/60-J2-65/J2-65-R12-MinimalIncidencePresentation.txt	802	4d5341f574b3bbfb68ec9a791964253a443febce9e3c9901b3a0288d5ea4aeba
archive-by-series/60-J2-65/J2-65-R12-artifacts.zip	20231	38ada390ac2f4097764f666bac5f3446bcaba71e1ed6cd39199d0e0ec0229975
archive-by-series/60-J2-65/J2-65-R12-certificate.txt	2209	72575d08e806162c4b08a122e0f649cdff2ac1e4d404b92327e2837afa4940c9
archive-by-series/60-J2-65/J2-65-R12-execution.log	14988	a9f2a50072f9f1b66ea16edbac6ad5fd89d2fe42047738abe1f61942d40e4144
archive-by-series/60-J2-65/J2-65-R13-IntegralTernaryForm.txt	1049	f975937e96b6c9e2d392acc5d8828c8239367bb8f2c3d8ebb67b8f19e8422288
archive-by-series/60-J2-65/J2-65-R13-Radial-Lattice-Ray-Report.md	10527	c4905474d9b6da38dd0ce68e766853a7b658aebef63be19fdea990674d52bbf7
archive-by-series/60-J2-65/J2-65-R13-SourceLatticeBasis.txt	1146	3dfb0e79c9c5e7c029eff6becd1a6382bc716fdd3b00c75193fc43d51c8b6d34
archive-by-series/60-J2-65/J2-65-R13-artifacts.zip	23495	8867f6dd6dc389010a0d133fb35d8e3582982b88dee243855e82494f07d7ccf4
archive-by-series/60-J2-65/J2-65-R13-certificate.txt	2217	fbd76587cba409cc912fd31f0270a42486eb5bf722105f1c07cc641c4187dc9d
archive-by-series/60-J2-65/J2-65-R13-execution.log	6406	809aa987b365dea3fe99f2f195244e98c3ad06b926b370d6fe32fc2c868daa40
archive-by-series/60-J2-65/J2-65-R14-Adelic-Primitive-Shell-Report.md	18578	5e516420e1f6b91e8bbed31a24aa2b92adfa43396e8f1dff4717336cfb993812
archive-by-series/60-J2-65/J2-65-R14-BoundaryTransference.py	599	9f361a12c9858bf206f86ff47ac27e1fae1393289191afb2bfd605cdac2fb144
archive-by-series/60-J2-65/J2-65-R14-ModUAutomaticity.py	2659	dc4f12a2052bc0d3c12fa52a3e8428d2344aa2fe736a5bf913ba59f99e1b57fd
archive-by-series/60-J2-65/J2-65-R14-PowerTenShell.py	621	d42ca0bddd0e7ee0c30238383e277bbdbea78e5d76147f46b605a8ff0d8ecc4f
archive-by-series/60-J2-65/J2-65-R14-PrimitiveApproximation.py	1891	64cd7149e788f68ec1211fa6f4dc99bf046ec291e200781a0b1334ac8bc4c74f
archive-by-series/60-J2-65/J2-65-R14-PrimitiveHeight.py	1078	5a18586a25f8fa419649cbd8b8e744b0fa682c1b6642e215f5207241e5e82e27
archive-by-series/60-J2-65/J2-65-R14-ProjectiveBoundary.py	1734	a554c6da45802ea51c8b9e1757cdb95eaed7949d3b42a13be8f7fb34ba345b2d
archive-by-series/60-J2-65/J2-65-R14-RadialWindow.py	1216	571643a5816f98dfbdab6e9dbff2074f9bab53eff08040baf6ac565f49d5859e
archive-by-series/60-J2-65/J2-65-R14-Regression.py	1734	08d473b7f4ac5ffcce1ef86553c439654d950d12dbcb0018b58f9f68a1561e26
archive-by-series/60-J2-65/J2-65-R14-WholeModulusCovering.py	936	d9f121c6ef9dc2fbbfcb6d6ed6c66241d14dcc4f5171fd4bc139a41f2aab7694
archive-by-series/60-J2-65/J2-65-R14-artifacts.zip	22454	f7bfbfa0f293a50e35bc7dbfae0d3d2f6948884b63024b888607f9af092f146a
archive-by-series/60-J2-65/J2-65-R14-certificate.txt	2070	f0e141a8f4335361f4fef1a61544b10201e06f613b7a2c6e18e742e90bbd204c
archive-by-series/60-J2-65/J2-65-R14-execution.log	2313	9cad7596304c0149f6c7534629744ec6b3b35e6261ddc09fa1f27c3f76a5906a
archive-by-series/60-J2-65/J2-65-R15-Boundary-Defect-Geometry-Report.md	10723	45e6e31f6bb2dacbaee580b317638aa74671c72549a3fc80fe8e50f996db960e
archive-by-series/60-J2-65/J2-65-R15-artifacts.zip	17735	6b68945394bf3cd97408ee417a257af12f66463edc83ad2046eabc02cf343267
archive-by-series/60-J2-65/J2-65-R15-certificate.txt	2774	ccd2bc35d5f14f6f9b2f7d8b6d15baa27d5fa116a404d416130a4be965c261b9
archive-by-series/60-J2-65/J2-65-R15-execution.log	9169	7e3956387c3c94e54d1f24242b5228b4b324473653f85ea76549097a8f76317a
archive-by-series/60-J2-65/J2-65-R16-Integral-Boundary-Norm-Orbit-Report.md	25674	f6a23e95d1cd345fab62911643d7aea4048510769142021122191d9e3e6422d9
archive-by-series/60-J2-65/J2-65-R16-artifacts.zip	28062	ea9d3a9a910ab44f9e11ef2d2edd64d2dbdeabb48da0e0b0f38354c7687646cc
archive-by-series/60-J2-65/J2-65-R16-certificate.txt	3895	bb33ba11e5a2f9d17089641799b5701ec3ef9e8c7bc45127db57d8459e19b16d
archive-by-series/60-J2-65/J2-65-R16-execution.log	4095	ffaff91de703a02a213e8617aa4814c8ae96a4a474fd8dfc643a85c12e532b4a
archive-by-series/60-J2-65/J2-65-R17-Cyclotomic-Composition-Report.md	18123	15cf8ba1fc8e8f142a6225c3042d2e87c216f2c7115f8f6ebcc795e4e8d28513
archive-by-series/60-J2-65/J2-65-R17-artifacts.zip	35210	614575923ed6db1878950e0aa5c781436740f215f51b2f7c05984527d79682ac
archive-by-series/60-J2-65/J2-65-R17-certificate.txt	2916	7392de5ecd44a407d6a1de03d62a3e9550f77cccfe32a020df3f3e1708c1d77d
archive-by-series/60-J2-65/J2-65-R17-execution.log	7127	2c3f6cbe3ac310eb90cd0c98adae4e53a013a9a43ee7af6e1b0ca6ab8fd7a990
archive-by-series/60-J2-65/J2-65-R18-Integral-Descent-Commutation-Report.md	21757	9d6e9984ab4aa9e3ef797d789d3d6f18f743ee85b1c90e88d718823385ea16f0
archive-by-series/60-J2-65/J2-65-R18-artifacts.zip	36058	1d00f9dc937966cfbfeb814e67d90e9924747d27533649ea27cd59f70189253b
archive-by-series/60-J2-65/J2-65-R18-certificate.txt	2863	4bf096b71554c89e2375700250b05f6135cf64e68a9ba33e17fb5ce1c8fa546b
archive-by-series/60-J2-65/J2-65-R18-execution.log	8699	aa1ba614a9546a8357d910f6ce98ef3bba78b5d80e60e59c6522ff7879014c4f
archive-by-series/60-J2-65/J2-65-R19-Finite-Module-Spin-Report.md	21228	70b48cf8bcbbd7643fc2a56ae967ba775875a132525f619a15cf1eb4ff379ea6
archive-by-series/60-J2-65/J2-65-R19-artifacts.zip	24054	96c47d517f7ae78c9adfaefb03753b8b97bde572309bd8860b22dbe24a916e10
archive-by-series/60-J2-65/J2-65-R19-certificate.txt	1887	d2939ec29ab4fcddcca023d67a66308e5d43702dd2209acea73b1cfcf4db53e9
archive-by-series/60-J2-65/J2-65-R19-execution.log	7919	328155c2cf2241c42f226f553f060181639040e1df0e875563ffa570d9620fc1
archive-by-series/60-J2-65/J2-65-R2-Bivariate-Master-Root-Newton-Report.md	20526	302f0f1e28afc3624d8e18878a80101fb3e38cfaff481de09a1830e8707d4565
archive-by-series/60-J2-65/J2-65-R2-ChartRecovery.py	33278	2f2cb48206d2ff700bbb36cb61662996c0920240579e0c4798820c5380be4ab3
archive-by-series/60-J2-65/J2-65-R2-MasterRoot-symbolic.py	4175	ae2c0cb21a0632bda31665235f890c70072a08732311cc681076db5e826c2bed
archive-by-series/60-J2-65/J2-65-R2-NewtonPolytope.py	4227	2fd6fbd6b0963699c27e802c571d9493028885d674f10127dfbb4f9fe90d5f9d
archive-by-series/60-J2-65/J2-65-R2-Saturation.py	2662	2ee6381c0e6e935cc4d62653cf044e92fe3d733e69415ebc49fd25ae0fceaf23
archive-by-series/60-J2-65/J2-65-R2-artifacts.zip	31638	126ec773b02a1384d9736f8d873e02062c0fbbbcb9d596bb9e1604b20fa81881
archive-by-series/60-J2-65/J2-65-R2-certificate.txt	2115	4a02194a2ed096cfca596e05bc58d2d760c01ab2547b0b7eefc0c344e17c1af5
archive-by-series/60-J2-65/J2-65-R20-Semantic-Conductor-Ruling-Report.md	21870	4f7a24d6eefa0e021da2bae7ab1f5aff01eaaad6c3ac09112ce3b603ce51e00d
archive-by-series/60-J2-65/J2-65-R20-artifacts.zip	33287	ecdb54cc4139dbbb9a861b3aade3b139da34ce6302b714d1a92b07fd54d0eb36
archive-by-series/60-J2-65/J2-65-R20-certificate.txt	2574	d4f0c8cfe7ab1944e92e6528bb1ffac7ee25ded5b9062f701c2e5162955b48bb
archive-by-series/60-J2-65/J2-65-R20-execution.log	4141	a4ceb02373e9b10fbdf61f7852c798fb8eeb12f450bb1d7ad2263574e7e11986
archive-by-series/60-J2-65/J2-65-R3-2AdicTropical.py	2712	cf230861f5291c730f3677499d4bbb64836deaa0a9135273cc0e3f076772960e
archive-by-series/60-J2-65/J2-65-R3-5AdicTropical.py	2637	5bb97d9e7adaecbc5e39ef6ffbd02f1b770955a589e31c642de2340a01122167
archive-by-series/60-J2-65/J2-65-R3-ArchimedeanDominance.py	5186	801fb325bc50c77e52bcec859c533d3785087160f124dd2d59458b2a1fb72ee9
archive-by-series/60-J2-65/J2-65-R3-AugmentedNewton.py	1648	8a701dab54b4f3eae78a7cf22510da0f4feda1d33c16eb37c93676b3b30481ee
archive-by-series/60-J2-65/J2-65-R3-DegeneracyAudit.py	850	e3e13bab96683e9b01c3a192dc78139669e0d3b234806ae09c548117a5d6f2a9
archive-by-series/60-J2-65/J2-65-R3-SHA256SUMS.txt	1614	86b464aed50e2ab4c19d4215607f77a79aebe91f24a54d8a276df66ecaae9736
archive-by-series/60-J2-65/J2-65-R3-ThreePlace-Tropical-Collision-Report.md	20703	310fafc0e4adbd6a421dbd8440040ec2783df6050c9dd5845f1a221b997d3600
archive-by-series/60-J2-65/J2-65-R3-ThreePlaceIntersection.py	1448	46ee8c46dce8313de04a5c3ac10dedaf66067f70d848264871feaef54056ff0e
archive-by-series/60-J2-65/J2-65-R3-artifacts.zip	27023	e3dd6957375d3c3c73c96b377cca0a3133af94aa5e28b49c68fdb53c146f333f
archive-by-series/60-J2-65/J2-65-R3-certificate.txt	2455	3e64a3723c7f88f4ae723dfc9dafbe8d1d3c1ac9b0fec2819cc6fbf79a69fafc
archive-by-series/60-J2-65/J2-65-R3-execution.log	1850	ca4f06bf3720ed328e658d08751d3fc6d611860242809e387463ae1f692af38d
archive-by-series/60-J2-65/J2-65-R4-Additive-Bracket-Complex-Report.md	26591	cb74faecd92b7ccd199f67fcff3618e8215b165ce4d82bb25b5fca6a7dc98759
archive-by-series/60-J2-65/J2-65-R4-artifacts.zip	45102	6639aa3f1a7382042656d7b2bdc196ffaea5687f37a0bca563a827f811a3b513
archive-by-series/60-J2-65/J2-65-R4-certificate.txt	3432	5f2be41f4cd82d7ab49c454b33a8d8391abd3a2bedc5b732f8f08325bea10a7a
archive-by-series/60-J2-65/J2-65-R4-execution.log	6494	eaa25a6136035f2acd5c55207952f31dadd0a933e94334007415501badfab5c6
archive-by-series/60-J2-65/J2-65-R5-AdelicPinning.py	1516	4ae57b2016dd9919e5ae1c2c5c9813b41b4796c465fd65dd35d3ed6248480bb8
archive-by-series/60-J2-65/J2-65-R5-CellRefinement.py	26181	10e4efc0639a28d0ade2b903d6a843a3e85f879030981f267e2d43ea3198a816
archive-by-series/60-J2-65/J2-65-R5-Cyclotomic-Reciprocal-Tube-Report.md	21336	7c2c739201a14b9b3059b3186b2c558edfb54a29c1baf8085c8a2790217ae407
archive-by-series/60-J2-65/J2-65-R5-CyclotomicComplement.py	880	39943e2f07bf26cbcdfb1715312d0be800a931f9c808a092f84a5c03317984a7
archive-by-series/60-J2-65/J2-65-R5-InternalDisjunctions.py	8082	fddcd847977c0c2afc0188018e99c512017e06740f4182630b0f3b93bed381d6
archive-by-series/60-J2-65/J2-65-R5-ReciprocalTube.py	1989	eb7f53993ffa955be28a334c8cbb16cd40d09098a4a4fa441b75a60e7622a5b6
archive-by-series/60-J2-65/J2-65-R5-TubeDepthCeilings.py	4718	cec9c20857a5c00aaad00c9eedc62995cccf0d2de5764a4861438131b512b425
archive-by-series/60-J2-65/J2-65-R5-artifacts.zip	54025	8f405ce1d968eefbe731f06c5d747dcfa84e731aa1704dfd8a10f935fbae29a3
archive-by-series/60-J2-65/J2-65-R5-certificate.txt	2119	170d54cf53c135a1ef5660fd08ff48b99a6b040984de94adea59a4b998e5552c
archive-by-series/60-J2-65/J2-65-R5-execution.log	5695	34c9abbcf316d4c541a8ad8e645c97062986430b2eb879fd16373f42e7906f56
archive-by-series/60-J2-65/J2-65-R6-RowResultant-factorized.txt	11940	935cbde0ae7ac10714a1775357c6ec0716c3eae196a06c853ca3402e1ee39ca7
archive-by-series/60-J2-65/J2-65-R6-TwoRow-Master-Resultant-Report.md	19897	cf1e1200a9de55524ed37c9ec643cf5489b6391d26baa082da839743e68c1230
archive-by-series/60-J2-65/J2-65-R6-artifacts.zip	29983	d2e6857648ab610e5c3fbd3e33eb431158b696c601136f3dd1af2075ed3d20ae
archive-by-series/60-J2-65/J2-65-R6-certificate.txt	2474	d99724ac107c45e7bb6e01c91b497a29e21f3eb6095a247265f68aa014768328
archive-by-series/60-J2-65/J2-65-R6-execution.log	5173	f9fca8ce3dc53d0bfbb73d13996ad6c3c88feef4c2dd243a39383755814e6189
archive-by-series/60-J2-65/J2-65-R7-QuadraticMatrices.txt	3512	3bbf3ded6fd30bc60ee54fca4b45877963e3075b63976b6b9bf2d970c29336b1
archive-by-series/60-J2-65/J2-65-R7-Veronese-Conic-Pencil-Report.md	5957	d6b8a087a599b4146f4ec13dc012fd0f9835d104a16def73ff00a34c064b7f44
archive-by-series/60-J2-65/J2-65-R7-artifacts.zip	11969	346e3188468c92d31339ff74ffb9d29061efe3d0cda4f91906eb18f4739e8d9a
archive-by-series/60-J2-65/J2-65-R7-certificate.txt	1252	f170b12cbc0c378e29fc66f440fe8030bcb755f4d135333ad3a49050582ed02a
archive-by-series/60-J2-65/J2-65-R7-execution.log	2776	28419727d1f73b449a4ad01219c7a3af455f11053202d95ff089cc475d08db88
archive-by-series/60-J2-65/J2-65-R8-Norm-Brauer-Geometry-Report.md	9271	e876b1bfe288fbff5a21a393a0eecde6738fc3cc8638bd1b9da7fe12613993c3
archive-by-series/60-J2-65/J2-65-R8-NormForm.txt	1089	8fcf58f27ec67f01a8319d0de4ab647fa80e450f5d09979cb740d3fecf027965
archive-by-series/60-J2-65/J2-65-R8-artifacts.zip	16953	63e6d367199f48157d68bf8566a8671e0565f65f931eb9109978e7b9af07a1e3
archive-by-series/60-J2-65/J2-65-R8-certificate.txt	2456	7e1cb19336a3a43bffb0cb7d303c931d105324469fbc2118f73a49996a9c4508
archive-by-series/60-J2-65/J2-65-R9-Global-Verdict-Report.md	6194	aa236c4e39b87ad65c1c6562ab3cd671fd2b9beac92a349581270105f226d780
archive-by-series/60-J2-65/J2-65-R9-SpecializedBrauer.py	1401	22d5bbd2692e1ce04a638d0a6e92551023f83255b988627cf64b3a2a2ec7ab6c
archive-by-series/60-J2-65/J2-65-R9-artifacts.zip	9823	6a13b363343f96c89b7a2679660299b893eec9670bd14928c9c8a9b564c21779
archive-by-series/60-J2-65/J2-65-R9-certificate.txt	2044	e6a509f97d7627b4428c2ecba535b64e153d41d3c86d8216bbdc6de786d9903f
archive-by-series/60-J2-65/J2-65-R9-execution.log	1948	e8102191162ddf213920992ffc438cb9c18332374a15fdd845b1e9355a381f35
archive-by-series/64-75-and-migration/75_R1_external_math_integration.zip	41718	cd025926bc6d23983a4a69733df59e12b718241176bff60e09bbd1ffe170eb18
archive-by-series/64-75-and-migration/75_R2_migration_bundle.zip	30148	1ea5316db66880655401f770522a9ba77785fb322ae12669b4475320235114a1
archive-by-series/64-75-and-migration/75_R3_artifacts.zip	18624	8b6c2c6058a52dbabf9075785b4db20f815b2e1b27bf0ffc1b312e017520ec7e
archive-by-series/64-75-and-migration/75_R5_stage_package.zip	22018	51272b5427c920caa0c4a0f04479235663f176033c4bc28219257f9ca0c7b0fa
archive-by-series/64-75-and-migration/75_R6_external_arsenal_bundle.zip	78048	696661712a4b95dbffaf2b0febfce920b43ccda0210defadcb0abd19a8859702
archive-by-series/64-75-and-migration/75_R7_complete.zip	34361	dda4a1a564c608cf0009a9fce5c1aa96b4df794feb08d2df7f977f84800ca005
archive-by-series/64-75-and-migration/75_R8_COMPLETE.zip	54511	b32420b13e3821a0cc754950b6dc75924de19ba0434c3b75135267d4b85a522a
archive-by-series/64-75-and-migration/7_15_75_to_85_Inheritance_Authority_Certificate.txt	4761	f388ccbcb886d4c47d1b9226529351a1735cf4b41d9e2dc551a1948a74b24797
archive-by-series/64-75-and-migration/7_15_Audit_Report.md	22607	77afeed57dc3892bb7227e5a0521feba34ac9440387b4eecd3551628a2b913ce
archive-by-series/64-75-and-migration/7_15_Legacy_Migration_Alias_Quarantine.md	5793	409d56d7175087745dd57fefacf01fbfc2058db465fc64ac73ee5f0ab0e82b43
archive-by-series/64-75-and-migration/MC-001_Huang_Ternary_Cone_Primitive_Local_Counting(1).md	2840	c8549c796fb35d9eedd547c3fcd469aea4c5284a8ec38fd38cc7edcd595e35aa
archive-by-series/64-75-and-migration/MC-001_Huang_Ternary_Cone_Primitive_Local_Counting.md	5287	9c1ca4b903cecdb7afa0ff9dfd9bbccbe278bd9c52172e2cfdf7e457bffc7cb6
archive-by-series/64-75-and-migration/MC-002_Cassels_Small_Zero.md	3044	7465d781323dc14b1235cddf3a5762b31536c8bb3d42d731ef72013a7e142649
archive-by-series/64-75-and-migration/migration_stack_P2(1).md	1201	c790639c8b748caafd32ccf93754e7d37c27c82fd3c017b8723302b5c36287bc
archive-by-series/64-75-and-migration/migration_stack_P2(2).md	747	b9e1eee2efd56acafd2759a3062423f2f2ec29b43b5b763aec62fb3471f7a4b9
archive-by-series/64-75-and-migration/migration_stack_P2.md	1999	5131bf75d2c97e3e9795ae7b8d830d393a945767c9b5d5e4af13ea89665ab28d
archive-by-series/65-bridge-and-provenance/00_65_terminal_recompression.md	11271	7bf3391780abd867c8cd40844c11c24d8bc6b88e9cd292420c28c6c331dc8042
archive-by-series/65-bridge-and-provenance/01_standard_language_dictionary.md	6022	be7393e279048fdac855bd378d713ad93a1336e49eec6c15d44ddb312e8b2bdd
archive-by-series/65-bridge-and-provenance/03_USSPAL_intrinsic_lower_barrier.md	4388	c3918d2b27ce9b3aa8b45fd9be7cd426e74bda4428d9132f08174ea5313137bc
archive-by-series/65-bridge-and-provenance/06_power_ten_rearchitecture_audit.md	7872	01aab72ce5c490c720b614311e82a0ebaa74ad0f41b4934f2a06d5ffe4698f6b
archive-by-series/65-bridge-and-provenance/06_primitive_sector_congruence.md	1848	53a11d3c0541a6c1c32563db7400e4f687268e0423e7083baf8e4d6429f3b7a3
archive-by-series/65-bridge-and-provenance/07_archimedean_digit_region.md	3040	246b438b1be75ee5c94e4729eb36331135536f3eb3bf01e14e079c017ede34a4
archive-by-series/65-bridge-and-provenance/07_reverse_semantics_audit.md	3903	95b829e440f58330ac6684083453704d75b8c853c99e98274360f6d47392d48c
archive-by-series/65-bridge-and-provenance/08_migration_matrix.md	2858	81d5094a25f28b1b99ff40f4b720969dd47c77519d95a45f20db3e4f4e8012ad
archive-by-series/65-bridge-and-provenance/08_quantitative_theorem_registry.md	3180	5fb2682634da1a5c7e9ae8ccc4f5e68858fda53455ca02bb371f6cf128d1899d
archive-by-series/65-bridge-and-provenance/08_weapon_ranking.md	6156	1f59f5d4760b77d8c230ad9ce9bf09218422f5b7ec277645db6d53058e613616
archive-by-series/65-bridge-and-provenance/09_height_bridge_analysis.md	3960	a364197e65fa6215dde0f91c2495d9dedd0b2a8a9cc509be103d8d7d8cb931c0
archive-by-series/65-bridge-and-provenance/10_external_arsenal_map.md	6201	765d8d325a1a35460ad808368e1d29f65b1666f63b582a4c27c48e8ff5eae35c
archive-by-series/65-bridge-and-provenance/10_migration_dry_run.md	2751	3cee3eae4d8674d2c608316d40aaecb917948481e5eff83a0035e85cfa346722
archive-by-series/65-bridge-and-provenance/11_main_proof_interface_decision.md	3389	866e4534e43a37dc3bdf8133bf6acb607bddefebb975da580fd4594949b3d594
archive-by-series/65-bridge-and-provenance/11_remaining_internal_mathematics.md	4992	41c1926fac85d12cad677d1ab282afe1da47cdbf8bf14f6d43871764af1e369d
archive-by-series/65-bridge-and-provenance/12_R1_terminal_verdict.md	6384	4ef362817462effe45356f07352eb1db90a9690280e4393aae70463a9178f615
archive-by-series/65-bridge-and-provenance/12_R2_terminal_verdict.md	2498	5906fdafe1555a4d9069014916b3dbbdfc56a91da8d867e0b367301a88a7be2b
archive-by-series/65-bridge-and-provenance/12_R6_terminal_verdict.md	8558	d455f4a5e0afc835c67f3fb0c358474c973505580427941ff359be63f3fd0b1f
archive-by-series/65-bridge-and-provenance/12_remaining_internal_mathematics.md	3346	64a4bbafca678513e2c9eb1c56aa061fa9072e8019b362a177451ed89ab73dbf
archive-by-series/65-bridge-and-provenance/12_remaining_new_mathematics.md	3461	1d913f23c48c03cc41419e5b67e1ead50bb8cde0218e7032e966e3919c44789c
archive-by-series/65-bridge-and-provenance/13_R6-certificate.txt	5787	6b9e3becd3155827c72d8e3f52889c7276813e18917160bbc7287f384731b54f
archive-by-series/65-bridge-and-provenance/13_R7_terminal_verdict.md	5203	120861719a8749d631eba549d88c1111949988233dba5e5d6d994be1456b5d43
archive-by-series/65-bridge-and-provenance/13_R8_terminal_verdict.md	6452	403c7fb8d4ddfb68fc943d7187617f91a43c5cd79e7fef3db181bfd0601b68eb
archive-by-series/65-bridge-and-provenance/14_R3_terminal_verdict.md	3033	a7d7c3b11ae85da98438fb6b337ebe4ba06aa1b011f81d96defa152c0c6403f6
archive-by-series/65-bridge-and-provenance/14_R7-certificate.txt	2627	799ef6aeb5a8044535757298526b8773b2e92eab975ee6692c9318f5c868855a
archive-by-series/65-bridge-and-provenance/14_R8-certificate.txt	5165	5ef7dbc0d0c5a7a525c8465560ae690f507f1906d6d2cebc437cec3ed3e0fab5
archive-by-series/65-bridge-and-provenance/14_USSPAL_route_viability.md	1439	7f16b3b124bb3cec3aa4c2ec16ae965eac4d04f5ee0120a39a1c8dcd4d183e29
archive-by-series/65-bridge-and-provenance/15_R4_terminal_verdict.md	2858	66739c97703759d6ab79ff184fd7083677e3c23b0a1368d9c7b4f755e72524ee
archive-by-series/65-bridge-and-provenance/15_remaining_new_mathematics.md	1314	2019783821120d6b63bce1bf87e0a033826b3c132c2485d660ae3c7fc1aa65eb
archive-by-series/65-bridge-and-provenance/16_R5_terminal_verdict.md	3531	376a1cb85131e1b40d4c9594255bb146c85d6bdc19a3030230c73de25b829d9a
archive-by-series/65-bridge-and-provenance/17_R5-certificate.txt	1174	14a9154e4df8d0aaedc253c6098b5b76cd7a8fd4c5f702941272a18e8c4ee6e5
archive-by-series/65-bridge-and-provenance/J2_65_R5_common.py	3457	fe131a4f07ee4f4478a84b8dcc2bd435a6db90e35f95357bab445bef7edd48b5
archive-by-series/65-bridge-and-provenance/MANIFEST.md	930	ff1c2fa4a003a9ab083fc2a684e167278b4936ecc5f9244e1367ab14d2c0fea3
archive-by-series/65-bridge-and-provenance/SHA256SUMS(1).txt	1097	aa8f4125f6cbe708233b699c40f985bf2d17569e6054f797d904472c0419c7e5
archive-by-series/65-bridge-and-provenance/SHA256SUMS.txt	2414	d992913a97ab87529eb1ace4f06c71ac59cfb389b474350ecb59b5ae6232aac4
archive-by-series/65-bridge-and-provenance/bezout_certificates.txt	5480	d00114f6468593d56b495722d0cd84fb1b50e8abb8d3c308655fe0a0ce04e42d
archive-by-series/65-bridge-and-provenance/common_h_provenance_audit.txt	509	8e5dd7044c9ccf4ab5b89cae6fe17d8c182efc2b28d2d7cd78802d1f90791d2d
archive-by-series/65-bridge-and-provenance/deep_eta_congruence.txt	280	e9dccb9de91b5d4ee85686d63273b9d0df7caf7039ab03ac9bbf70869272a71c
archive-by-series/65-bridge-and-provenance/execution.log	457	690aef0cf73a65a3d2b31b8fbda8ebe0b9980859509147b910446003d286d43d
archive-by-series/65-bridge-and-provenance/modular_search_summary.txt	336	4ec4bc8acf7f2b45269b3426a80e3bf5829691f819a3a896420c9c2219cf8ef8
archive-by-series/65-bridge-and-provenance/q1_defect_signature.py	5168	a05dcafe679844aa7723da8fc9073fd1cc938187eb76255192704381b7fef6f2
archive-by-series/65-bridge-and-provenance/q1_defect_signature.txt	641	14770c95f67b501db0b115dc50f9971ff81f81b5b620693c4e034e1ad4b7aded
archive-by-series/65-bridge-and-provenance/q1_defect_signature_summary.json	1987	234a143a8e8559a0ea6335465ac1764a801d48030e8e7ef4b38f7e76b68c61e0
archive-by-series/65-bridge-and-provenance/qgt1_sparse_elimination.py	1818	6530c18ff3d4cdb429237d4e0c4d1b31cdd7c4bc9ac6d18c5c09e5c09fe4a88b
archive-by-series/65-bridge-and-provenance/qgt1_sparse_elimination.txt	299	e565f3547293130281f98382e96e2e821141ddfb76e37df0e78cec2be6ecfeca
archive-by-series/65-bridge-and-provenance/r2_certificate.txt	480	329fa4bc2725e98df5ae27fb8d7d55017fdea4b4be0354f197a58734c96751c3
archive-by-series/65-bridge-and-provenance/r2_factor_gap_audit.py	9858	a08fa779e844bbb0ec790adcbb3e61431372e2b5454bd690280c2952035f18b2
archive-by-series/65-bridge-and-provenance/r3_machine_summary.json	900	e967c1141a5a26961d89f0e550fcf5df69d0400e2ed3c78a5ac4051bf8b51fc0
archive-by-series/65-bridge-and-provenance/result_summary.json	346	ea90895b953da4cb660ba2beab49a0e99524f47dda89b7ce3456817dcc624fdd
archive-by-series/65-bridge-and-provenance/source_audit.md	1893	e4b64123f22c05bd81a3748ff90e60354ff19bbed86fcb0dbd14e3f143ba5068
archive-by-series/65-bridge-and-provenance/symbolic_factorizations.txt	772	87630d85b2a7b091a9d6cacbae7299a54b3b07bef2ce96a0be104509a2362e2a
archive-by-series/65-bridge-and-provenance/verify_r4_fixed_incidence.log	176	5fa82bc0f458f5a043b19dde4af5c8c92f6a632891d4870316e1a56c82db1afd
archive-by-series/65-bridge-and-provenance/verify_r4_fixed_incidence.py	1042	b43296e45782fc3109725c41ceef0e71f3ac1b3a638051dc44937f89eb62dddf
archive-by-series/65-bridge-and-provenance/verify_r7_factor_pair.log	1465	7a36834b26cc44f0740acda92efb378c6d2dfe110c6b7d5f44966c00d4cba7a8
archive-by-series/65-bridge-and-provenance/verify_r7_factor_pair.py	4957	2016f141b28877ed8bdc1114e1aaf5839e665b4d70d39f620cbc0e8dfd66f6e0
archive-by-series/65-bridge-and-provenance/verify_r7b_oriented_gate.py	1881	b00f76b4e55816738e5df5a8b4bc745b9106e079d27f69c6f75159145920b79f
archive-by-series/65-bridge-and-provenance/verify_r7c_psdg.py	2097	38287baf51186bf5418dfd28328dc4c63a11de41df13d06e9a13b12d36509f6c
archive-by-series/65-bridge-and-provenance/verify_r7d_witnesses.py	2029	2eae566a0446869086c72ccf904bf2f6c15c482ced9a5763d08d6e022775b316
archive-by-series/65-bridge-and-provenance/verify_r8_radial.py	1877	412d6bbadf69635151bbfc78de35924e1c922d9cf41b8df7cae4df31acf4e1c0
archive-by-series/65-bridge-and-provenance/verify_s3_counterfamily.py	2195	66d49d1ca04f6f0e5dfb598da23a46df2c1d0a27a909c547c2e2ba6f6af8b3ac
archive-by-series/65-bridge-and-provenance/第三个八五计划_R1_归档.md	20216	efe1d51582a105f5f685084bd3da8bf963cbb183e7b8926b94d71953ee6795c3
archive-by-series/70-85/85_R10_MovingBase_Globalization_and_Gamma10_Activation_Audit.md	31020	d498a909151152ac9c24d22bd298d4937116671876743be8e92993e60647580d
archive-by-series/70-85/85_R11_PhaseII_Moving_Square_Theorem_and_Launch_Plan.md	22267	b36110bee7d07f2e60af24175d648acc83ced2e0187030129773a7215e00eae8
archive-by-series/70-85/85_R11_R1_R10_Full_Architecture_Autopsy_and_PhaseI_Freeze.md	24350	66bafd1c4bb6e23478ac04ec39045b015099cf68ccba6161bb0a3af02002de75
archive-by-series/70-85/85_R1_J2_Terminal_Recompression_and_Minimal_Survivor.md	43146	d8acfadc714d7d61b4c8760f3435d16dc53d5095345797fb6e4e521d48178360
archive-by-series/70-85/85_R1_R5_First_Five_Round_Closure_Checkpoint.md	17468	11f7a9db8e0c7216195b63ae6b3c2509e24e2c78698729be45e3130589baf38e
archive-by-series/70-85/85_R2_Euclidean_Quotient_and_Floor_Carry_Explicitization.md	37036	8b6bafaa2eeb3ceb3f4b3022d0fd27f811a735ef84af164f23908d202faca0e7
archive-by-series/70-85/85_R2_Quotient_Explicitization_symbolic.py	5878	7921aa358423a2474268738ed22ddcb7e9f64e69eb6ba8baa9ac3b77555f224b
archive-by-series/70-85/85_R2_symbolic_execution.log	1749	e85833bbf8f20c10f46aa089c09170842a8efa0fcf5398002086e1798a2870a6
archive-by-series/70-85/85_R3_Source_Cut_Residual_Exclusion_and_Regular_J2_Closure.md	36261	7dffe06fc337f16f26d57c9033c4f3dc98b499cc4c3052de781b40d534cbba66
archive-by-series/70-85/85_R4_Primitive_Odd_Prime_Allocation_and_Source_Divisor_Image.md	28889	be9352b89dcfda68f0e8c6e44f3d5357e51977106ff41f25574dc4e393d95a67
archive-by-series/70-85/85_R5_PreRoot_Order_Collision_and_Digit_Window.md	28457	ce8fc9ba9e4b98026a81b86713c1450afaca3bbfe4bd9dfec4e5344ecbc38950
archive-by-series/70-85/85_R5_order_diagnostic.py	6273	97d48147d37e8832b1a6b14702d22f74643e29bb47d3721571cf0bcf5f5ae35f
archive-by-series/70-85/85_R5_order_diagnostic_certificate.txt	5780	aa157ef3c41d69aac9b946f8f9efbbe33f305ae93c4033f7c3357f30b397cda2
archive-by-series/70-85/85_R6_N0_Split_Family_x_FullWord_Source_Projection_Rearchitecture.md	31472	eb052cce1d90a6e45f07fd94b28f175f4b703f758807689302ac5ff2a3e9608b
archive-by-series/70-85/85_R6_N0_fullword_projection_certificate.txt	535	59e0cfd44dceaacb2875d20518b417c81db40180da8daeedad1f0da291cd7990
archive-by-series/70-85/85_R6_N0_fullword_projection_diagnostic.py	3146	5545c4abe9cbfb35351d69d92d0cd14acba655d5dca207af4f01e91e98dc6f2a
archive-by-series/70-85/85_R6_R10_Second_Five_Round_Architecture_Shock_Checkpoint.md	24161	aa324348169a83238b80a3d1a7add5ce39c566db387ab7ba3677596b11ec5d8e
archive-by-series/70-85/85_R6_live_N0_split_base_scan.py	1864	6a5fcb41e2e7d17aba46407520d8670401d2d985f4f24c9218dfdc59506ceab1
archive-by-series/70-85/85_R6_live_N0_split_base_scan_certificate.txt	783	9bf14534f845af64b3eeef9c371b2d0840112773baab33ca30e62834936957c9
archive-by-series/70-85/85_R7_J2_Endpoint_Modular_Jump_and_CommonScale_Integer_Extinction.md	31219	e0f85fc13195d10e1efc6330af85726b6de338d64c1e66f0b417ec224cbf0c5e
archive-by-series/70-85/85_R7_endpoint_jump_certificate.txt	4529	9c73074761938d7d41ab84ebf3c206db994e919e6ebbdf06d2f18832abd0039c
archive-by-series/70-85/85_R7_endpoint_jump_diagnostic.py	7707	b17b922107b9cfa14f09bd5073b4b74a29948da30f932b5deda5ceb832ef82c9
archive-by-series/70-85/85_R8_PLCF_Countermodel_Differential_and_SourceProjection_Termination.md	29888	7c2a8e41d4fb609b8251be45a6c0bff1229b0041aaa8e90975be27f07cfea209
archive-by-series/70-85/85_R8_PLCF_gate_certificate.txt	587	abd3091f22f0c5bf05a0f23b332d64a31021c9d09173297c2d7a66216af272d7
archive-by-series/70-85/85_R8_PLCF_gate_differential.py	3580	c69c24f5a322fbb0e7ea45cfd98cf19e9f1fed0f75845deefe7df315ab425fd9
archive-by-series/70-85/85_R9_Joint_FullRoot_x_ExactSource_Incidence_Central_Assault.md	30359	443f115123128037181f3c4c2781e59ef6dcfa15afc19562fec212ea34d3cdd6
archive-by-series/70-85/85_R9_joint_incidence_certificate.py	8678	0322b55cd7635f644ee3446fb1b682821b0d198ec64bbb0c3c1554cdea044580
archive-by-series/70-85/85_R9_joint_incidence_certificate.txt	2421	8e5c96b272ff84d01f7d10e01f0f7341efac4442da0cbefbf01dc68b03b89ef6
archive-by-series/70-85/85_phaseII_R10_root_lattice_interlacing_certificate.py	6097	1d93608a4e57edd1ebe5a1cc3bb3fb1d02540653166f800b07f6016cc7721126
archive-by-series/70-85/85_phaseII_R10_root_lattice_interlacing_certificate.txt	1285	d6f261fb873dfcd9d71a8fdec98aab2581e4339be776e7f597fd08c61811dbe0
archive-by-series/70-85/85_phaseII_R10_root_lattice_interlacing_checkpoint.md	31409	7913f61476e4a078bf916a87e56defc435639be963da1634f6664ef15bbc67e8
archive-by-series/70-85/85_phaseII_R1_R10_final_architecture_autopsy.md	75369	6c83d6f2470c526b965a3b42447870fe212f9660d26750bfda158cc4a97cdb9d
archive-by-series/70-85/85_phaseII_R1_counterexample_certificate.py	4648	b2bcfd88fff999288fbc5c1ab91328528a7f7fc57b51f3e14eba9f3ac6dc6566
archive-by-series/70-85/85_phaseII_R1_counterexample_certificate.txt	1600	142b3d1cd938b003dec875408ddba7fc5c155130eae50d6e30550e9569e1d033
archive-by-series/70-85/85_phaseII_R1_moving_square_exactization.md	24257	b362ba10ff073c5905400770e3bc7cc83a53f75067e79ae2cac143a639a944a4
archive-by-series/70-85/85_phaseII_R2_counterexample_certificate.py	4648	6df582b37895b6a6fe7123ff92fa1babda08930abf37751202af60550e479a14
archive-by-series/70-85/85_phaseII_R2_counterexample_certificate.txt	1600	9bc3bbbeb22ee85a49113292f9a10bbe6955da9a7e7ef04d442b5007df04c887
archive-by-series/70-85/85_phaseII_R2_moving_square_exactization.md	24257	d73d5921aa8f00547ef642929ff3fffc05f5c90b70b6a9873564cb220da5757f
archive-by-series/70-85/85_phaseII_R2_radial_certificate.py	5368	8a972a39bb102296900c4db752e457eb76cf773950b55aaa0649cf3c7cb78973
archive-by-series/70-85/85_phaseII_R2_radial_certificate.txt	1324	4d64ae08737ea84b60255240d1578d53aecee8f0979d2e93f517930738742d98
archive-by-series/70-85/85_phaseII_R2_radial_extinction.md	23282	6a0147d75491933a0b251436f8d466ba1ce90e20750bc8d34f54385170961124
archive-by-series/70-85/85_phaseII_R3_primitive_height(1).md	28248	9429974f50975ca30d672007434dbc0f76e96f32af3571d5bdb6094fdebfe295
archive-by-series/70-85/85_phaseII_R3_primitive_height.md	28248	9429974f50975ca30d672007434dbc0f76e96f32af3571d5bdb6094fdebfe295
archive-by-series/70-85/85_phaseII_R3_primitive_height_certificate.py	5289	3260825023535321798b9bd15514209c112c796d74504380833d26fbb8c54b83
archive-by-series/70-85/85_phaseII_R3_primitive_height_certificate.txt	1410	78ef90af479c7f4e2fbb906b96597e34f92ad8eae18bb21cd62aef9f496277c9
archive-by-series/70-85/85_phaseII_R4_two_prime_height_transfer.md	26722	ada9385b9279a5cf9c6d78c46e9c36c872f9dfa767513cc61f66d19be484f936
archive-by-series/70-85/85_phaseII_R4_two_prime_height_transfer_certificate.py	8067	f86fa274acd458816d8e9bf2acfe60008f0f12890272769c25a65328dc019f11
archive-by-series/70-85/85_phaseII_R4_two_prime_height_transfer_certificate.txt	1785	c65b9bd4eaf25e008cbbf21a86bed040156c52e7f6eea71dc182263ffe66e0ad
archive-by-series/70-85/85_phaseII_R5_content_capacity_checkpoint.md	29075	44838351a23e092b6a343ee638459d1c138fb3a1c4ecc349d3ff966c06d6e4d7
archive-by-series/70-85/85_phaseII_R5_content_capacity_checkpoint_certificate.py	5298	b3de953467fe955f678e34e283f432ba0a7eeb63ba254a952bb1ae65fae39a29
archive-by-series/70-85/85_phaseII_R5_content_capacity_checkpoint_certificate.txt	1950	a47dfe4853bed758e46e97a016725d700cea0a4c492a217bbdc18598742f5896
archive-by-series/70-85/85_phaseII_R6_canonical_height_repair_or_kill.md	25926	ee715188888865805f66a5ac90d9c605a52649e492e310c48b9e52c5dc7ce039
archive-by-series/70-85/85_phaseII_R6_canonical_height_repair_or_kill_certificate.py	6970	6350736751d86df73793089c538c750248406ecf38968a28d98aea30a32b7ca8
archive-by-series/70-85/85_phaseII_R6_canonical_height_repair_or_kill_certificate.txt	975	de938bd22c8fc12e11c135b60088d07f0f391c49a2a8aa55994c22b2cf41ae3f
archive-by-series/70-85/85_phaseII_R7_source_incidence_reset.md	28628	b65f058c0d5621e475ca5304233990a7a7c8d8d2726dfe51d150ef0f50d829a4
archive-by-series/70-85/85_phaseII_R7_source_incidence_reset_certificate.py	2926	2dc565dd9a14f510b684b10959233db43f78cea58371d31a082d6522bbe90163
archive-by-series/70-85/85_phaseII_R7_source_incidence_reset_certificate.txt	672	033d61b31a227777c5f24bb5bfe5b78689412ce9d37ab67d0ec31f81b55f86e4
archive-by-series/70-85/85_phaseII_R8_scaled_common_u_extinction.md	28111	91d618ef8cb914077749b6fa5d342757adea432f7716222c283288803513d1eb
archive-by-series/70-85/85_phaseII_R8_scaled_common_u_extinction_certificate.py	2978	0a6f4c2ba45f356c35a13767ee40b6a19bed330349507a8d90d31efb3c123192
archive-by-series/70-85/85_phaseII_R8_scaled_common_u_extinction_certificate.txt	395	42cf8c183e3b1ee22b6dcd4c9cd3b2f32183f6175b136823d2d90f635d637c08
archive-by-series/70-85/85_phaseII_R9_absolute_box_root_incidence.md	22475	c1313b193be1e8e2cebf2f2f360a9ddc6ba3a9ea2797f4589e045d1024d909e5
archive-by-series/70-85/85_phaseII_R9_absolute_box_root_incidence_certificate.py	4573	28c8c87ec2220b953698d2530ba5f71e4440247f757fe9ce7790472123d44db8
archive-by-series/70-85/85_phaseII_R9_absolute_box_root_incidence_certificate.txt	457	bb846d5cb31e17165b8fa350d05399ec1f4b88822ac4ae82515c65b6ca39c367
archive-by-series/72-Fourth-85/Fourth_85_R1_Fixed_Object_Extraction.md	28048	160b88697d2a73be5d774050745a0561bdc3bb352af63ec2e13ba61b2ed12419
archive-by-series/72-Fourth-85/Fourth_85_R1_Lemmas.md	2068	df8a7d7f19b8a72f934fdcd84ba6fa5b733e8e291761689c595949967794d4d0
archive-by-series/72-Fourth-85/Fourth_85_R1_R5_First_Checkpoint.md	2213	5975adfc78ab581b3f33dbad05ef742ca2c762ee8f6fdeadc5ef7226ce35867c
archive-by-series/72-Fourth-85/Fourth_85_R1_computation.zip	16397	745514cb2a94622e4602dfd4d0da51bedcea5611b41af918a43ecb2d72761ba1
archive-by-series/72-Fourth-85/Fourth_85_R2_Decimal_Core_Factor_Gap.md	20770	fd11377305f8f027773d62604088a0c116604678573d279543d5fb3b7ff40c1b
archive-by-series/72-Fourth-85/Fourth_85_R2_Factor_Gap_Lemmas.md	8142	2ad19ee74866b54a6cec6095601880676fd56a8087cf90efbda0fd0c6ceb74d3
archive-by-series/72-Fourth-85/Fourth_85_R3_Support_Collision_Norm_Orbit.md	26297	483e82a47fa3893f51d08fbdb80c57434d8c14b7db5bec98d3988ca536b2ff4a
archive-by-series/72-Fourth-85/Fourth_85_R4_Function_Field_Norm_Certificate.md	1320	89cf01e8bd9cc8fb7133b9f9eac70c394b02d7dfd3790b1c9e11cf1f50eff6bb
archive-by-series/72-Fourth-85/Fourth_85_R4_Global_Total_Space.md	23230	ef2afa0a95da40e861f25f5ce2ec7dc685ca82bdd80c737d407d1141db6d5bc7
archive-by-series/72-Fourth-85/Fourth_85_R4_K10_q1_Local_Closure_Certificate.md	668	4baac47b931e1b3fceddb7a1b4f42846234ffba1c3cc56e733959101bf54908b
archive-by-series/72-Fourth-85/Fourth_85_R4_computation.zip	7355	8ada11e7bac67ebadb14d1ed74a7fcf6d084532ec680bd98a99002d641b2e97b
archive-by-series/72-Fourth-85/Fourth_85_R5_Brauer_Gaussian_Reduction_Certificate.md	1378	653a61ff0aec28353537c1d0895fe3da9a527766a2192964235c53c207f56ada
archive-by-series/72-Fourth-85/Fourth_85_R5_Local_Cover_Autopsy.md	1112	2849d1c4be925f8a592dd7d363d769c88d906c0ac6ab5970d8059066af5b41af
archive-by-series/72-Fourth-85/Fourth_85_R5_Norm_Brauer_Exponent_Atlas.md	21236	a3985b6192f706a202601e29ce5e09cbbe91ed6e4d19b30ebc5e8c21e727a56f
archive-by-series/72-Fourth-85/Fourth_85_R5_computation.zip	13196	a729abf5ba6c2414b89234d5b1c391b79f51fb03360f7065c4154261deb4027f
archive-by-series/72-Fourth-85/Fourth_85_R6_Explicit_Extension_Gaussianization_Certificate.md	982	5367258004c7ead404687bc6fe31401a6622233cb755aa8f64699174b0bbf9f8
archive-by-series/72-Fourth-85/Fourth_85_R6_Gaussian_Architecture_Autopsy.md	1231	0a68e66772dac7b038e81cc3b26139ce904936397acf7d727390067bf8713087
archive-by-series/72-Fourth-85/Fourth_85_R6_Gaussian_Source_Embedding.md	30136	92f851b361c5061e00cdddebd076ac64e3a71b6244d230e7f585a2f4cd7c5b3c
archive-by-series/72-Fourth-85/Fourth_85_R6_Generated_Artifact_Index.txt	1491	3dfa915613753b362e50d7ae2f81b73ce06a3ca032b875531cb5ee605becd696
archive-by-series/72-Fourth-85/Fourth_85_R6_Source_Lattice_Certificate.md	841	c97ff2d84c9bcbfadc4f44e74891ab74a0f66e14380b05da8bfa90d16cecdb91
archive-by-series/72-Fourth-85/Fourth_85_R6_Tau39_Source_Closure_Certificate.md	927	738315bd5e5f364437db378cb9933eec8a015bb9916df406ba84a2ff6833746d
archive-by-series/72-Fourth-85/Fourth_85_R6_computation.zip	12401	e8ca614648fb2f8f6c28803a9200befa78860e9ea78e31491a7991927a23ffcd
archive-by-series/80-95/95_R10_Second_Architecture_Shock_Checkpoint_and_New_Invariant_Audit.md	35899	f73be16a7741995197a4898082a3675b5f9ecbd2663dd000e0d18900afdea382
archive-by-series/80-95/95_R1_Full_A1_Historical_Recovery_and_NonJ2_Canonical_Frontier.md	35946	08639bc76334b3c85de46e9eb6781dcf8f19a5c75cf38b0801016e4156a14bae
archive-by-series/80-95/95_R2_J5_certificate.json	3593	af56007f4150e5929a20da470efde4944c51d7e4c6d7a0c49cac55e9924c76b5
archive-by-series/80-95/95_R2_J5_certificate_replay.py	6256	eedd179564f00dd1c605ea70b96b495ea8336f3fc24c146a40d18e63e267b4e4
archive-by-series/80-95/95_R2_J5_certificate_verifier.py	2948	7994fed5ef0f6da0320b8d218eedbe33542ae8c15d169b2840c212099388e406
archive-by-series/80-95/95_R2_J5_verifier_report.json	285	b77f7f81e83247e4d814119c079ee4cea88c45ec8ee10f25a6ad7d70b8001e2d
archive-by-series/80-95/95_R2_NonJ2_Resonant_Cyclotomic_Endpoint_Collision.md	33619	929f899e46fbf935532bbd095d1ff4534654cb3dc4acd5211437bbf8c076f541
archive-by-series/80-95/95_R2_SHA256SUMS.txt	793	acb1458fbe102d1c5032ff53f2b99e6da63aab4252fa2b1d1341a9b077b3e528
archive-by-series/80-95/95_R3_Finite_Successor_Endpoint_Incidence_and_Signed_RRGS_Test.md	25158	119486ebef6e2efad738649d898ab250ca99d98cafa37984372e71f1ea18f265
archive-by-series/80-95/95_R3_symbolic_audit.py	2361	ea3de9c9f1aa3988e604d1b5c946cc7e6cf3f19133bc8dc614e3153da853b815
archive-by-series/80-95/95_R4_Successor_Conditioned_Primitive_Root_Gate_and_Negative_Ud2_Capacity.md	27414	2a4a89d0eb3b4ebfa6c99169872a556b2901bc1daee7cb7b990f7c0385490688
archive-by-series/80-95/95_R5_First_Architecture_Shock_Checkpoint.md	27294	3ad184a53dd3bd10a9fcc3fecfffea1261d868bc20c947cd25bfd658b98b5da0
archive-by-series/80-95/95_R6_T0_Transition_Finite_Borrow_Affine_Boundary_Margin_Assault.md	26189	dca23a48d75853a807dee45c8af9f5353737c2c3793e281ee1f5028b8bf991d2
archive-by-series/80-95/95_R7_Transition_Source_Boundary_Bridge_Repair_or_Kill.md	33393	d873a167e345340890aaf133833ef3b1535e20e5b366818e39a19c43fee62bc8
archive-by-series/80-95/95_R8_g0_Smith_Reduced_Common_U_Three_Layer_Assault.md	28648	8e8aa0ad70a3a1616429936a6b0860b4ae27310d249f7a1f7fd947931082b86c
archive-by-series/80-95/95_R8_g0_three_layer_regression.py	3256	36c5ce00aaf7cc26b4e67850bcf040324f3cf3c7feb69126a10ca97540851711
archive-by-series/80-95/95_R8_g0_three_layer_regression.txt	637	5d562e6a9e2312254a8a434fc8471d38e240a680aa136c31f4cb94d35e63c19a
archive-by-series/80-95/95_R9_Outer_Plus_No_Borrow_Projective_Smallness_Assault.md	23940	78d4505ee20040800a8d68e1eecaeb1b69ca0c9278f67d9b3fec5c9d2132af69
archive-by-series/80-95/95_R9_outer_plus_projective_cancellation_regression.py	1416	e6e8d3ffc382165a76b855de0142cb816fd75da5446c84dabc81f2d45f1b1683
archive-by-series/90-105/105-R26-stage-archive.md	17637	41f4e2aad7720862a98349d61d22c482b7f5045b6c54bfea56651d4032d97680
archive-by-series/90-105/105-R26-stage-archive.sha256.txt	91	b6065b9584334e96ac3718cd34979b769d33c001e936cd94ba826496a9533f35
archive-by-series/90-105/105-R27-SHA256-MANIFEST.txt	1070	5ed720c6c705e71ff9d934c18ff959ea2a031893d414291ed99b524c6b207dde
archive-by-series/90-105/105-R27-artifact-bundle.zip	566603	dd87523b5ba8074eba95d0dd517c2c5e735ced2121b36e3d6063426519558fc5
archive-by-series/90-105/105-R27-execution.log	655	aae601c682ac75fb77e2ec1e7d595dd8a6c35a2e2d19072f9e342bb0a7daa55b
archive-by-series/90-105/105-R27-stage-archive.md	29689	5a18cba2cbae8346300f54d845107699c4cd3f31cca7b527c11de77597bd74b2
archive-by-series/90-105/105-R28-SHA256-MANIFEST.txt	3247	53f21a9b33abaca41140f317005fa68c0ca3e063ca7ecff5711eb4894fec595d
archive-by-series/90-105/105-R28-TC1-derivation.md	7068	4dbeba031fdba7c9ead02c72a53e6300b306b5ca610aa8f9adc1931f43363f3a
archive-by-series/90-105/105-R28-TC1-normal-form.md	3377	1909f445f52237a13066ff74439f46b53b84ff5b6b60742c0e87e46bc3a36aca
archive-by-series/90-105/105-R28-execution.log	1831	2bc615f781089ec1f6954c299b9cdd1df6a5ee06176f49a17075068ded099002
archive-by-series/90-105/105-R28-frozen-artifacts.zip	43497	a6159aab026b08c2474071fe67bff49c5b33bc5ce496a78ac9b9c5824f32162c
archive-by-series/90-105/105-R28-frozen-artifacts.zip.sha256.txt	95	b6735c4e03be1600427ab5ac9ad94fb7df48462a08df8fd77fcb0daac29243bc
archive-by-series/90-105/105-R28-stage-archive.md	20346	ee1bf90f78f4317eefc3e3c341c3f15828e7e69724e2b5fa393765ab106f14a1
archive-by-series/90-105/105-R29-POST-RADIAL-SUPPORT-SATURATION-CERTIFICATE.md	3703	e374454c24e167a922d75c06f92e93dc1041e4d56f0f7679f80abb0fe602c8d0
archive-by-series/90-105/105-R29-SHA256-MANIFEST.txt	1641	788e47083b0da202ffc3b6339789adf98174ab2022b635157d0dad602569d9c0
archive-by-series/90-105/105-R29-execution.log	2275	14a79c07efeb3ff7aa32d3b60e9cfc75be608da77ed197749bb6df9ed1004084
archive-by-series/90-105/105-R29-frozen-artifacts.zip	28954	b5880eab19e6d216109d8b088d527cd9fc143b062fcffb37516bed5871a3c1a2
archive-by-series/90-105/105-R29-mu-core-derivation.md	5552	51e666bb36d9cff3276ca9c6a9485d77a3bc486b12564b3f3907b30d82007e52
archive-by-series/90-105/105-R29-smith-collision-proof.md	3881	ba63d3bcf0668cf96b4b9be991a617ad9090e0e65f6d5d7f8d02fa85f096bec1
archive-by-series/90-105/105-R29-stage-archive.md	16595	f21b69272157b02a810830e49c10e5a4649daf565ad24f1ff3a946275f21ec3d
archive-by-series/90-105/105-R29-symbolic-factorization.txt	1098	bd4027f09c966c5826054cd85738677cb3a7a40204775809d6664feadd5e13d6
archive-by-series/90-105/105-R30-Q-SUCCESSOR-SATURATION-CERTIFICATE.md	4608	4137beba338eba099012337ac2e2473e2d865bb706c3a05a336783c0ea7d3dcd
archive-by-series/90-105/105-R30-SHA256-MANIFEST.txt	1890	0caaf738470914ec908c10be6c886b25625c1c8c1c60da32ae3a8fe667e6d5a4
archive-by-series/90-105/105-R30-TC3-TC4-exact-definitions.md	8233	4fb3b68afbd9a95b7ff8067f5a93c78d1416f82b7c4b606912fb344163fc18f3
archive-by-series/90-105/105-R30-bundle.zip	36226	19eb3f1021747532142a811c2c40843f153d6c1692694e1f76c066d3cc63711f
archive-by-series/90-105/105-R30-bundle.zip.sha256.txt	85	c9624780cb063f2a2ff0d78e623e5acd32ad303a9bc1754271a950fe4eedad28
archive-by-series/90-105/105-R30-execution.log	3347	854a82ebd5b30611228ea771e992e82ff5a943be21457ab450dc98f47fba8afb
archive-by-series/90-105/105-R30-q-elimination-derivation.md	7063	ca536b3764ef49d593019ad7c24b3874f6b2f3b10d0f42af8218b3a966722f6e
archive-by-series/90-105/105-R30-stage-archive.md	23501	ce9c0be6cf52201ef99605ea4a67b414fc14327554b51a0c58d5000f84b25ade
archive-by-series/90-105/105-R30-stage-archive.sha256.txt	91	e4fc49facca11dfec3018c23f0b65eb6f3a20c0902c47f6ade901eee50a83649
archive-by-series/90-105/105-R30-successor-collision-proof.md	6606	e86d6b1e0639f2c88ed877ea783f917d5e4c2499b71382ae7a9941861245060c
archive-by-series/90-105/105-R31-N30-POSITIVE-SATURATION-CERTIFICATE.md	1877	6e180a2ee6837eeef6058b07c3db75f0e9769c4e84daf543f1b40ceeb6f22f5b
archive-by-series/90-105/105-R31-N30-positive-analysis.md	3871	ac3ade9284a0c18b80cbbf5c1dfd8bc4ea33c65a561612b23a929b525762d85b
archive-by-series/90-105/105-R31-SHA256-MANIFEST.txt	1922	53046225c17fcef401c3ca64467b0a5d996b506f46b18fcd82f5dec1341a4a8d
archive-by-series/90-105/105-R31-frozen-artifacts.zip	42341	31fb2b3a3d576f80532b788f2223e2eb4812533491cfbbe4b7daad263def62f3
archive-by-series/90-105/105-R31-minimal-q-descent.md	3966	8a9e688fe8c85ecbceb3d3079a8be1ee5cb01ffe4aea87295f257269cbf91322
archive-by-series/90-105/105-R31-q1-forced-scale-derivation.md	9026	5dce481eb346bd2e67f4f46129248d1bfb9dc9f450c81f23ae4b033b7a7483ad
archive-by-series/90-105/105-R31-reconstruction-audit.md	2612	48c1cda935c07fe02afbe761ec49448c8f44dd5421e60eb05ebeac11105df8e1
archive-by-series/90-105/105-R31-stage-archive.md	11745	4bcbe12605a46e69051b0bff435aa88637411bbb63ac9d644f7671254884804d
archive-by-series/90-105/105-R32-SHA256-MANIFEST.txt	2002	37ea2e78b0c9e8346f5f599973cfd365ad319fc301a205877f8ce7895c7933d3
archive-by-series/90-105/105-R32-UNIT-CHAMBER-SATURATION-CERTIFICATE.md	1146	e86f45c58d095c70db10f9c94665911c130a9019f9c656956df17b8d4648580b
archive-by-series/90-105/105-R32-artifacts.zip	28011	98175b2d02723611552a6042576ff86cc0d59d5c2a8bbdcd2a13af33d6011885
archive-by-series/90-105/105-R32-digit-room-collision-derivation.md	2889	f4754f5db78687282a806cb31ac9861f5df9907719bf949961d3adb9edf6bcae
archive-by-series/90-105/105-R32-execution.log	2011	5311ce0a856d3623704f09343cc29ad434d23d7583b79a49150de6a559b0c4c0
archive-by-series/90-105/105-R32-prime-branch-derivation.md	2210	cc6204f27f497616aff6d75f1cd94a2084961410c95de9fb2ee77910c996ae1f
archive-by-series/90-105/105-R32-q1-extinction-proof.md	2883	2df5eee2cca7ab5b001305d132f80b89359c5a311aeb77e24bfd737aff2a7779
archive-by-series/90-105/105-R32-stage-archive.md	8176	28f7faaa8b382e4dc60537f7cf6300f2b6757c38679a03c9060dbe13da80f39c
archive-by-series/90-105/105-R32-unit-chamber-exact-system.md	2914	afb0ce10a906fbd3109f9dd31bc0db3fc185553a69af36c2f3397e54654da617
archive-by-series/90-105/105-R33-MASTER-SOURCE-SATURATION-CERTIFICATE.md	2191	2f19b4334e3655eb40a9c12c37ef0ae14e13299762cd060b3040a0ae30309d55
archive-by-series/90-105/105-R33-SHA256-MANIFEST.txt	5481	9d17bd8792a76345a5c31f61768be318be0f184fa172035be10e2387ac263678
archive-by-series/90-105/105-R33-artifacts.zip	69869	b3f3ad4c1b39dbbb46776ac0ff9815540cf48f0dc46e1539e118fb15c0375508
archive-by-series/90-105/105-R33-master-source-room-exact-system.md	2692	13cf7727be859ccd99a35fa0c278a1ac3ba2407914b04f3f1edaa18252043af7
archive-by-series/90-105/105-R33-prime-branch-continuation.md	1768	f96dd7e98deaa7cde61f1fef7d928dd567ee11e193d04a0cdcb95055af7cf5da
archive-by-series/90-105/105-R33-quotient-remainder-analysis.md	1324	b3baac14f0aea9596da478128416133f37d4470d27f90e00bc8b60d370017c63
archive-by-series/90-105/105-R33-stage-archive.md	6496	743a8003e7225268ed9a21678b7fc3e2690bf842a377748104af5ecdcf9849b6
archive-by-series/90-105/105-R34-SHA256-MANIFEST.txt	2322	df4567bd74c8178ecf2f8fced32c6651b47441688f22bcea5e21cdbec44c332f
archive-by-series/90-105/105-R34-SOURCE-WORD-SATURATION-CERTIFICATE.md	1739	c1e50f0934bdeeb344b4e3ef1d714952ed3f8854c60cded808af49ab3e90d427
archive-by-series/90-105/105-R34-U-elimination-derivation.md	1127	7296bf9406a81521442b84cd8d0b3fb2b094b9f41726bc4c33ec64082fea445d
archive-by-series/90-105/105-R34-all-q-extension.md	1439	180737061c1b353cf8702bb65cce5a5e9044923486515239f365ce0310514494
archive-by-series/90-105/105-R34-artifacts.zip	19558	0c16eeb909c8209545f07506857d7df02c8e388a335edae595a7d588f79e4b0e
archive-by-series/90-105/105-R34-decimal-residue-collision-proof.md	1504	a5030147d6d6ad12c76c8fc544c9c3a40830c64a478f5900ccc7be6a679f2797
archive-by-series/90-105/105-R34-execution.log	1671	327d2eae4fe63c3b7e957738fa5e34dde2d458fc3e91fbc62af7789d153413b4
archive-by-series/90-105/105-R34-source-word-exact-system.md	2072	16a9a30a8a06b7fa9c3d436992c98ba6c4b5f7509a5ac6e3902ae0336a2d70f4
archive-by-series/90-105/105-R34-stage-archive.md	8667	230cff80979ca06d0bd9c79ec37bdaadaaabe2d2a046b523bf2d12cf6585fbf1
archive-by-series/90-105/105-R35-SHA256-MANIFEST.txt	2365	19e870b753817d0f81b0b3e206864e12c270249714a9ef3e44c2d19f54775ebb
archive-by-series/90-105/105-R35-TERMINAL-PREDICATE-SATURATION-CERTIFICATE.md	1833	18525ba917a75b50bcbf9245903e0f3785e22cee65a756e96e9b05a43e705e32
archive-by-series/90-105/105-R35-artifacts.zip	22442	6334acd75b060d7e0703ab8edd7cb650a7e99ede9b3639b8654951915eb14b7c
archive-by-series/90-105/105-R35-stage-archive.md	5666	fce11832f2949f19ec1b4c918a9faf58f2ad410442022c2e904fb5af600e71de
archive-by-series/90-105/105-R36-SHA256-MANIFEST.txt	3129	54b5e16030720dfd1bccc9f303809978a39f350c240ff0ae77f8a084be85884e
archive-by-series/90-105/105-R36-SIMULTANEOUS-NONEMPTY-SATURATION-CERTIFICATE.md	1518	74cd6d5cafe9a84f9fc30b9a005c76fffae3f01c624c8bd44cb94011cdc60b7f
archive-by-series/90-105/105-R36-artifacts.zip	41415	b774f2a04ad9815504f5672d77c284254b56b489a5ad706893b572ce853f9d51
archive-by-series/90-105/105-R36-artifacts.zip.sha256.txt	88	aac2a2663f0e6ebc1713f374e25298115c58a49ad99f8aaec67b05022c54e6e7
archive-by-series/90-105/105-R36-nonunit-source-master-synchronization.md	1934	0447dfb80e9a4603751649d9f819acf972908b8f9ce81e86a2f89494f48215e3
archive-by-series/90-105/105-R36-simultaneous-nonempty-exact-system.md	2363	bc4ec57124c43dfa072b571794eb5ed146f6a92dc10a82eea33207cc131fe057
archive-by-series/90-105/105-R36-stage-archive.md	7031	a81860c3dfef3a85dc38ba41cf0a45e11afa4cabbc25ed4b822395fb2b6102f4
archive-by-series/90-105/105-R36-unit-canonical-successor-derivation.md	3103	c1ef8b7947e3a6edca62e6b890c9403e873ccbc6a9623b23d85776f0e9d5ab30
archive-by-series/90-105/105-R37-GCD-NORMALIZED-SATURATION-CERTIFICATE.md	2284	4b375a03a3818bbbf4b286c3078394b9749688a47951df6dfc3d53c8b751624a
archive-by-series/90-105/105-R37-SHA256-MANIFEST.txt	5697	a1ff25537921d4582a0d19c8027e910f9bde66ee9b668a9c46dcea9844435871
archive-by-series/90-105/105-R37-artifacts.zip	104202	acfb8d907d9e05fa0386f839d7bcaae57e3e15c5e6930068d75819202b3e0324
archive-by-series/90-105/105-R37-artifacts.zip.sha256.txt	98	34a1b94d47aa31ed0c47acb80afdb22f380618dd5a322d0a32ebb3d129e42acb
archive-by-series/90-105/105-R37-corrected-source-first-search.md	3258	7703979fa8bff7d0d44545db08e0157d40ff2b8e45cbece5160ed3076330387e
archive-by-series/90-105/105-R37-execution.log	3475	442fa2d5b1643c73fc38347edc06869785a56737cfbb8b231262a48ab48d6781
archive-by-series/90-105/105-R37-gcd-normalized-master-sphere-system.md	2613	cadf3cad7b020fcf07a3424549f30c56b38639908ae52083f9e47349502c2ed9
archive-by-series/90-105/105-R37-stage-archive.md	6318	a94b710a01a91f9db715b5293749cd4eea4ed93661e5d6b9b96ca1889ee18ed0
archive-by-series/90-105/105-R38-FIRST-GENUINE-SELECTOR-CONSISTENT-ROOT.md	482	26d3505aaad53a46445850681c3625ef044a77b82eae5e279c1b18792ecc886a
archive-by-series/90-105/105-R38-NRDG-SATURATION-CERTIFICATE.md	528	04a2c38bd7827df740a0ad585ad78b7ff6f461907793ba29ad2e4b73fcf3a578
archive-by-series/90-105/105-R38-SHA256-MANIFEST.txt	3139	91167646cbcf32366d22ef0b220683ccea1f0d54ddd6d0ac632c3c0fa5c6e279
archive-by-series/90-105/105-R38-artifacts.zip	16511	1390aa2193647e8f113c588fb5d76dbf363a45c3d7403b398fb7155e13c85943
archive-by-series/90-105/105-R38-factor-allocation-derivation.md	1261	338d5666944654aa89a81e7d2deaeb7ce7cfd3ab54bd08b375ccf7eae0105d30
archive-by-series/90-105/105-R38-stage-archive.md	6550	7a50e5c99ef1ba54099bb88cd8a08cc532a21dcf53142891202f258971226ca0
archive-by-series/90-105/105-R39-FIRST-EXPONENT-SYNCHRONIZED-ROOT.md	1051	2ffb62a15b58c65b2629d3a1eb3c97014e00c5cb07eb8786d32a28a9e572fbf7
archive-by-series/90-105/105-R39-SHA256-MANIFEST.txt	3417	a0781a091f462188abed9303b85610fb5c62a986391a9585e6d3d948945778c9
archive-by-series/90-105/105-R39-SOURCE-EXPONENT-IMAGE-SATURATION-CERTIFICATE.md	895	ecdb4daa7dbe0a1415e5ffa7049a0310d3e77a7ca7df4e33dec4a8d7aa2a9496
archive-by-series/90-105/105-R39-artifacts.zip	20353	76a7042ab841c05aa8040eda040772b56f373a1d5e4278ff136c5549577a6b72
archive-by-series/90-105/105-R39-execution.log	766	2f959233e419891b22673e2a55077a36542b9db87221ddfc7d0aeb26b2aed515
archive-by-series/90-105/105-R39-exponent-synchronization-derivation.md	1347	2486000e9d831a2e790529e0e19c418aba048d50c0e28c11679d1824147b5e35
archive-by-series/90-105/105-R39-production-native-root-system.md	1159	b1414272ef19922a3b74d1238a43636c733f77d751f2f947fd48cd76504e8bb3
archive-by-series/90-105/105-R39-stage-archive.md	7128	aafd00c841c66b976dea0798a724a332ef873e25fb5806aa80619077a546158e
archive-by-series/90-105/105-R40-FINAL-FAILURE-REPORT.md	5147	c8bde8b716238da7d1e5b6232ab16de8bac0f753dd7b66d35fc4331c22913348
archive-by-series/90-105/105_R10_DES_Endpoint_Coset_Lift_Index.md	31811	c37c52064f2749d5365820601149010f142b8e41edc9646a027bd83a464c3947
archive-by-series/90-105/105_R10_bundle.zip	27279	8007a88cfabb8af09a2800c13039bce1c72e907aee743545eaeaa3a95fce3220
archive-by-series/90-105/105_R10_scripts.zip	12062	7c6a840e19169c9754ca6722ba8467027f3cefd27c9170ee282dda71790976f4
archive-by-series/90-105/105_R11_Archive_Package.zip	14847	270164ffe968759c04d7777d1e2a4cb9f2bde47d9722b8c5633ce3398b65838d
archive-by-series/90-105/105_R11_Exact_DES_Quotient_Threshold_Membership.md	28953	05028fc069a574a80913f6f106dbc24653fb2ea7c50c2cf4a67e572a037ff725
archive-by-series/90-105/105_R12_Archive_Package.zip	15581	81e7f2a943e0bd81a4df5f59b19e8b9a7f439afbd476a146a56d40a1e2f21c67
archive-by-series/90-105/105_R12_Normalized_Local_DES_Numerator_Residue.md	34714	9e269c37bbbe23906b21310346ac11824a586702972c0cab91503ad5546f3521
archive-by-series/90-105/105_R13_Companion_Artifacts.zip	4917	5a60bec8ea502a0cf1938e4da562b40caa6473c09d822483aabbd402eb863cee
archive-by-series/90-105/105_R13_Post_PSDG_Source_Carrier_Image.md	31536	a11fe86436da6b59abd777844619d0a54a006b5c2dcea8beba09e359decf491c
archive-by-series/90-105/105_R13_SHA256SUMS.txt	1126	e571418cc2509eb239d1656da2798b73ddeb7bded2922ca474e681371f9795b6
archive-by-series/90-105/105_R14_Positive_Radial_Core_Lift_Fibre.md	26722	f19ea4cc1e428dd42eca7f7ea584bd4b28adfc146c1b280e12a1eacfa8d3db1b
archive-by-series/90-105/105_R14_scripts.zip	1273	e154f78c3469d50856c520e73ff94c65879989abf4c2748378a7b3d57ce475dc
archive-by-series/90-105/105_R15_Archive.zip	49855	f254a5f9cf753555d878d89ebfc531127c74545c3a03506c636ac57756f7d4aa
archive-by-series/90-105/105_R15_Master_G1_Z_Shell_Phase_Offensive.md	30052	42ae75f11238a36ac04f8ca00b0c829189b608754406f828b6eb4730bea1b533
archive-by-series/90-105/105_R15_execution.log	775	c13ad8af627b22d19d375e93117fc24e66b686dca074172084384f573d1793f5
archive-by-series/90-105/105_R15_phase_offensive.py	20974	a5b020cb7a051c5762edf74c4d5cf80ff86334a37f2a36791a1fb92307d429dc
archive-by-series/90-105/105_R16_Archive.zip	58230	1edfb34c6130346d54b7ffdc0f064bbbb87fa42a06ecced0008be581f915cb66
archive-by-series/90-105/105_R16_Master_Complement_Divisor_Omega_Corridor.md	17863	73279520973464e0399db36c8ac9b401efad75f4e29935d484364434d85544f5
archive-by-series/90-105/105_R16_execution.log	613	7295fd1023d1c2fffa495fdf2f108cebb8fdb35784bac745b10ae2ac1b92a806
archive-by-series/90-105/105_R16_master_complement.py	42371	0faa7c6999a4f28127c43a5722b7b6d0681ec02fa8f44fed22afb27f43c95bb0
archive-by-series/90-105/105_R17_Archive.zip	18735	9fe83d71907b0de1e61e1443b9983af5cc10a1be4d9ce95943d650a8127d3047
archive-by-series/90-105/105_R17_Post_D_Source_Excess.md	17263	cd723d953ebb6d0da979a26fe93e1dd18bd3bbb4a7b5997c37def124b9b8d7fb
archive-by-series/90-105/105_R17_post_d_source_excess.py	2317	a4808392c3ba614c1897416d0953eae7a14a032989745d39b783a41d7769d0d6
archive-by-series/90-105/105_R18_Archive.zip	20413	79da6cea30b25e1e4e5bb85dcbcdf3cf8449620e48df021e86532095a28520ec
archive-by-series/90-105/105_R18_Post_Corridor_Z_Shell_Compatibility.md	15977	2cc4c42d8d8c93cd5d51b57873297b2a5ee276d97d330d48c4a6ef289fe5c82e
archive-by-series/90-105/105_R18_scripts.zip	9353	a06f643c32a8743c9357d7c76b836402384c762c1be17579c72648d7aa614995
archive-by-series/90-105/105_R19_Absorbed_Content_Smith_Saturation.md	18810	51c7f2ad1aa7bfa3d1027a132bc4252b7a4cd15546ca5b5457a325bbf30076ce
archive-by-series/90-105/105_R19_execution.log	572	e25b1a36e1fc45eef9b1dc4b33143adb4a7315516155991f2a9db4722351e96d
archive-by-series/90-105/105_R19_scripts.zip	101872	9156f8a3132a640b1789a8b7a34e5420c3ddce6264c102b24c58f3440862543c
archive-by-series/90-105/105_R1_Common_Obstruction_Reconstruction.md	38094	d06d6095644982290d74a784f367451250540b82aca8ff8063eb090414fb4852
archive-by-series/90-105/105_R1_Master_Object_Schema.json	1360	eb180d5b59ef01f560a75e4f948b8bf5583aeafd185e8838b4e13ad8eef57391
archive-by-series/90-105/105_R20_Face2_Decimal_Primary_Absorption_Budget.md	22616	572532e1bcfdcd570d540574751dd89a63787e5caa0edc2ca6226fe36281130b
archive-by-series/90-105/105_R20_package.zip	23879	8ea5df5c0fc740f61c33a641878a89f2fa3dad412fa95bb2ae53d649b76e8f08
archive-by-series/90-105/105_R20_scripts.zip	4185	3caddbcccc51a9ec755eb37bf5f6f4ea35f657a605a769b78b6117ae60b77ac4
archive-by-series/90-105/105_R21_Normalized_Denominator_Ratio_Corridor.md	18747	d61ed47073108c5892b382a993daf9bde77f42479637fad977a444f2ce034aac
archive-by-series/90-105/105_R21_artifacts_bundle.zip	27743	27be15c4ea427ad09a21dd42c1ffa3b316720147ad62e08a6b713476b3b8f259
archive-by-series/90-105/105_R21_terminal.txt	3141	f7897a8ceb16ba049e12aba4dd1df185bcd19af9df4c0c7d2b063efba9f63629
archive-by-series/90-105/105_R22_Master_Angular_Archive.zip	32269	73c1ea107b80f4dc1202aba282865c450ffb5ac50ce62cdac2c02a0152902b11
archive-by-series/90-105/105_R22_Master_Angular_Elimination.md	23453	b2b056f25bc9157e3d3abccd36d1f4a8a3013ddc40c44412233740335fc45cf6
archive-by-series/90-105/105_R22_terminal.txt	4100	202373b378541e6c4606077f735e4eed507929cb2616b1836fdd2b6b78b4beee
archive-by-series/90-105/105_R23_Archive.zip	24750	d6098f091905cfbaf6e0ac02dff952fc8c5e38ff94f7985ec16050d7be4069b3
archive-by-series/90-105/105_R23_Completed_Positive_Angular_Load_Corridor.md	22460	75e7b55e4e0130118b773d70c3c6ae1192a088cf0b96f5340201b6709b830ccf
archive-by-series/90-105/105_R23_exact_audit_output.txt	269	40b9e81ba35fcd95796030eabe8e07ba1c8fda7a637938277cce7521271c8c58
archive-by-series/90-105/105_R23_terminal.txt	3817	37a81fa7bcbe6e3467f5eecb7e610749ef5f338ff0ff7f3ec950089d631fbbf3
archive-by-series/90-105/105_R24_Post_Support_Source_Carrier_Image.md	28418	e6768ee326b9796130e4ea63933ed72238f1c327c63759b70c9662e0590deedf
archive-by-series/90-105/105_R24_Post_Support_Source_Carrier_Image_bundle.zip	53081	4c2855de95c368b05a3c3c231337349c12aae7d7905bd37d4dc86bd3fb49e827
archive-by-series/90-105/105_R24_terminal.txt	5069	e2f63db7cf5a2a73d201e0dd16caf4e657aaeb5d921902d594384890d0f33d45
archive-by-series/90-105/105_R25_Positive_Carrier_Excess_Divisor.md	20174	d211f81c318124bf3102cbca790fb4af7397cc3cf56719d0fbab0b2f2e946913
archive-by-series/90-105/105_R25_Positive_Carrier_Excess_Package.zip	21170	23caf4cbdc25450c9d717352a44db42e21df57c8c4c5f9e3f5c66bcbcb1a62ff
archive-by-series/90-105/105_R25_terminal.txt	4047	311cfc52be02220896f4ffb8f8dfa6ff0d9b89e0d551b9fde062eb10e4360cd0
archive-by-series/90-105/105_R2_Artifacts.zip	23122	6f5337535c52de91e15d026bfef7913d006ca5a6c7e7ddf03543189d352a830b
archive-by-series/90-105/105_R2_KappaSrc_Schema.json	6579	1fd507ba89513f849c667b4f8cb1507f71ef9cfc2b7c6fe8d1864a2384c77363
archive-by-series/90-105/105_R2_Source_Section_Internalization.md	39361	1837e84a9e6fe265a17edd0a8160010ac8413068333a046bac6078cdd31c926d
archive-by-series/90-105/105_R2_q1_transport_certificate.py	2228	630f4402f4946b519e09067fa3a019cf34258fe5e6b0cfca95563286ff1fdcfe
archive-by-series/90-105/105_R2_q1_transport_certificate.txt	161	b118318f90e1d8892337efc7ecc16531ccdd74beb7e4b1c1c57b1058ac9acf35
archive-by-series/90-105/105_R3_Initial_Form_Registry.json	1800	1ba50ce3b024d5976f8c6b97691485ef1ea965cf327e2a2fe808e45fd33b33b2
archive-by-series/90-105/105_R3_S3_Counterfamily_Verification.log	1645	35f624585823c0b98f2f610fb46c3522cb31e9e02e285531626bcebbd5bd1ca6
archive-by-series/90-105/105_R3_Source_Completed_Valuation_Atlas.md	36659	b7069eaa9884d22f94f9a50756fdac9d0c8f5ef9620ff41515e9c6621be6c57f
archive-by-series/90-105/105_R3_Source_Completed_Valuation_Atlas_Artifacts.zip	20750	efae1158fdde9717e8621d0b45df7ec144d229b1491ed493593a49327f23c5b2
archive-by-series/90-105/105_R3_Valuation_Carriers.json	1706	b31adb653b89180c182eacb861e747d750f793b8976cccb1f00088b1e808c49d
archive-by-series/90-105/105_R4_Elimination_Registry.json	2364	4077d0933b86bcaa430f0f398b6c900b105acadfe3ccf49e11d8d464a06af2be
archive-by-series/90-105/105_R4_MANIFEST.json	696	a043d5fe3ea751d34ed3194caef27522837d5e3b33883df40fced98a19cd126f
archive-by-series/90-105/105_R4_Source_Completed_Fixed_Incidence_Extraction.md	30636	1a699fd5d724b06a67e80335f6bbe8e6b55e5807722aa7c67fe4f4f073755aa2
archive-by-series/90-105/105_R4_package.zip	20082	359a2d28f218f32ae6f6c55453258a91b26000fe658ec96f33d7995d8c4ed273
archive-by-series/90-105/105_R5C_Moving_Base_Full_Source_Decision.md	30088	3628f0404c85cabc1d1681837cbe8a5ab929a9d06bacf46ca7bcbfb3147896fc
archive-by-series/90-105/105_R5C_artifacts.zip	19406	5e555e306662d60a3eeb1f23567eb0e3a4ce0af6b983299cbaba79905cc39ce0
archive-by-series/90-105/105_R5_Outer_Depth_Source_Selector_Fixedness.md	22690	06d675f46231493be3aed371f385947eb6dc35a7cbb490dd7e500b2ccd41fab8
archive-by-series/90-105/105_R6_General_Moving_Profile_Sphere_Master_Lift.md	35702	69bbca50c6fec4cad66394546559677bd6b95971b2a919d9be27c46cd9d62249
archive-by-series/90-105/105_R6_SHA256.txt	294	314b4f4ea995f30e4dc9e3c05516f21ba9fe10b311e2226dc619c3c3249d8cfe
archive-by-series/90-105/105_R6_Square_Locus.json	595	0cab77979f94e9be68f679fc73da6a7f2eecf5575b7f67aabe9e06cca3666a0d
archive-by-series/90-105/105_R6_scripts.zip	1810	3f9303a87e95cbd0a40226a6d048ea857f4b202f1763dec6ad80e97638914390
archive-by-series/90-105/105_R7B_Oriented_Root_Divisibility.md	26590	f8bfe6f6d68c085c07ce2ea478b363910cb7a403b16e653da3ef5cd8e6f4428c
archive-by-series/90-105/105_R7B_Verification.log	245	9f1f520dd9daecb5e80931c5e665eb411274f05228ac05aa53150f14299f18fb
archive-by-series/90-105/105_R7B_package.zip	17840	a030f92c0448f8009f3fca20bdb1527b54b7d513a67d0509cea2612b60c8216d
archive-by-series/90-105/105_R7C_Prescribed_Source_Divisor_Gate.md	35207	b92633440469c3cc252dbe237f2891eea2f7c5a945a638b3d3357ce5519e9f7e
archive-by-series/90-105/105_R7C_companion_artifacts.zip	5134	52a1f348f394af894698b0be7f7e1318f2a75565094319854eeb6ea0b89d1f31
archive-by-series/90-105/105_R7D_Archive_Bundle.zip	9344	ad2fb74951d70ef2646ee3df2fb43beaccac8691f750b75ecff720c1b907b675
archive-by-series/90-105/105_R7D_Determinant_Packet_Source_GCD_Firewall.md	12632	69c32a5c06e202431aba3a0f7694211c86b9fdd7d0422a09ef488eb31d229033
archive-by-series/90-105/105_R7_Exceptional_Square_Locus_Source_Intersection.md	33902	ec2b52b0c8aa01c07b7241f4fd32768dc45175a47de9b63a220d5ea598ff583a
archive-by-series/90-105/105_R7_artifacts.zip	21918	2ee78e498e5705f9de890c04e116122c8ba4811d6be54fbd2d835e0510f800d6
archive-by-series/90-105/105_R8_Common_U_Integer_Source_Fibre.md	26360	972fa7b8a5ad54224405b1f19e750f3beb1f4b96d5b36e6e4ac283e7a927c6a3
archive-by-series/90-105/105_R8_Common_U_Integer_Source_Fibre_bundle.zip	15254	761d1ad953aae52e71b262ad8608c71e072de681de6a66d6dc972277497d1e63
archive-by-series/90-105/105_R9_Endpoint_Quotient_Source_Successor.md	21784	4560c3db521082d83a5e0d2f19a5d64f9728d4bc552ceb0210218108876d1fd7
archive-by-series/90-105/105_R9_artifacts.zip	17948	e3c5f2880f1acd3c03199e47c7f1ee49fa33b5073cd00075784374ce14f6c4b7
archive-by-series/90-105/r27_recon.py	16723	4ed2f0750d8e5f1d6a78cf48ea18fda583981c7440c8426288a1326e3f4fc85b
archive-by-series/90-105/r29_support_core.py	11557	8b7a7945c88af08cdaa6d970b300817b4a20a6f0d5ab9b54578581bbb19c961b
archive-by-series/90-105/r32_unit_digit.py	16320	0b5dca636d5cc567cc2ef304adaef24bb459cf80fe28812fbb1eb2a2df54241a
archive-by-series/90-105/r36_sourcefirst_unit_shell.py	5005	b40b8db524a5a1212f36ca2fb0c52609b70619b444c7a7c4f09716a17cbd4d0c
archive-by-series/90-105/r39_verify.py	1160	6ba405f4134a6a8ef288e0df97e5a0f5a3c115d5729c1f6a49e43e6a88f57d67
archive-by-series/90-105/verification_output.txt	1343	271c322fef4a17ed2a5d5327a43f65e7642789d91030a845990ce843694b647c
archive-by-series/90-105/verify_r11_quotient.py	1761	e71b623ebab589c9ec63e3fd97cbcea9efd2f15f5bb78c21c7185e72f7de44df
archive-by-series/90-105/verify_r13_carrier_image.py	1154	d4ddf1fbc8c424bc7f1a21fbb534adbb9d2114e17038617d3788cdea6d49884d
archive-by-series/90-105/verify_transfer_first_failure.py	3453	8b4e0301e36cf3edf80b8700fef107c2dfb6c639587467d420b816354e45e11e
